integration times(sec),10,Raman Shift,Dark Subtracted #1
laser_wavelength,784.92,-46.169047190162,12.5
laser_powerlevel,20,-44.161473544249,12
,,-42.1546698518468,13.5
,,-40.1486357454087,41.5
,,-38.1433708576169,19
,,-36.1388748214067,35
,,-34.1351472699553,11.5
,,-32.1321878366853,0
,,-30.1299961552522,12
,,-28.1285718595627,16.5
,,-26.127914583758,6
,,-24.1280239622283,6
,,-22.1288996296043,32
,,-20.1305412207475,5.5
,,-18.1329483707741,1.5
,,-16.136120715033,12.5
,,-14.1400578891189,87.5
,,-12.1447595288591,420.5
,,-10.1502252703322,704
,,-8.1564547498474,1025.5
,,-6.16344760395987,1445.5
,,-4.17120346946103,2383
,,-2.1797219833843,3806
,,-0.189002782999523,2829.5
,,1.80095449418513,1436.5
,,3.7901502104105,408
,,5.77858472769731,347
,,7.76625840781526,230.5
,,9.75317161230305,37.5
,,11.7393247024465,33
,,13.7247180393133,18.5
,,15.7093519837217,31.5
,,17.6932268962537,20.5
,,19.6763431372528,10
,,21.6587010668318,2.5
,,23.6403010448576,15
,,25.6211434309644,23.5
,,27.60122858455,23
,,29.5805568647775,19
,,31.5591286305698,49
,,33.5369442406154,72.5
,,35.5140040533643,116
,,37.4903084270354,180.5
,,39.4658577196114,254.5
,,41.4406522888366,301.5
,,43.4146924922206,334
,,45.3879786870384,317
,,47.3605112303303,333.5
,,49.3322904789075,339
,,51.3033167893354,291.5
,,53.2735905179561,302.5
,,55.2431120208676,317.5
,,57.2118816539387,367.5
,,59.179899772811,391
,,61.1471667328824,434
,,63.1136828893214,469
,,65.0794485970673,513.5
,,67.0444642108196,526
,,69.0087300850446,509
,,70.9722465739851,535.5
,,72.9350140316456,498
,,74.8970328117921,502
,,76.8583032679744,486.5
,,78.8188257534912,489
,,80.7786006214246,501
,,82.7376282246223,572
,,84.6959089156935,583
,,86.6534430470238,571.5
,,88.6102309707621,573
,,90.566273038834,553.5
,,92.5215696029263,565
,,94.4761210145007,560
,,96.4299276247893,564.5
,,98.3829897847845,538
,,100.335307845264,530.5
,,102.286882156764,500.5
,,104.237713069599,515
,,106.187800933843,483
,,108.137146099358,466
,,110.085748915759,459.5
,,112.033609732445,490
,,113.980728898583,446.5
,,115.927106763107,406
,,117.87274367473,394.5
,,119.817639981929,372.5
,,121.761796032959,359.5
,,123.705212175848,335
,,125.647888758393,309.5
,,127.589826128164,324
,,129.531024632504,288.5
,,131.471484618531,319.5
,,133.411206433135,295.5
,,135.35019042298,289.5
,,137.288436934499,300
,,139.225946313907,295.5
,,141.162718907186,335.5
,,143.098755060095,310.5
,,145.034055118169,298
,,146.968619426712,283.5
,,148.902448330808,294.5
,,150.835542175313,323
,,152.767901304856,314.5
,,154.699526063849,312
,,156.63041679647,279
,,158.560573846682,281.5
,,160.489997558212,276.5
,,162.418688274569,279
,,164.346646339047,287
,,166.273872094696,293.5
,,168.200365884364,294
,,170.126128050659,263.5
,,172.051158935974,272.5
,,173.975458882476,251.5
,,175.899028232114,242
,,177.821867326607,274.5
,,179.743976507454,227.5
,,181.665356115935,256.5
,,183.5860064931,258.5
,,185.505927979792,290.5
,,187.425120916616,275.5
,,189.343585643961,277.5
,,191.261322501998,274
,,193.178331830672,269
,,195.094613969706,247
,,197.01016925861,278
,,198.924998036668,275
,,200.839100642937,262
,,202.752477416265,267
,,204.665128695269,282.5
,,206.577054818363,279
,,208.488256123717,261
,,210.398732949297,260
,,212.308485632848,287
,,214.217514511893,255.5
,,216.125819923733,239
,,218.033402205458,256.5
,,219.940261693931,265
,,221.8463987258,293
,,223.751813637493,295.5
,,225.656506765223,297
,,227.560478444981,308.5
,,229.463729012537,327
,,231.366258803453,328
,,233.268068153067,317.5
,,235.169157396496,303.5
,,237.069526868645,290
,,238.9691769042,275.5
,,240.868107837636,284
,,242.766320003197,254
,,244.66381373492,254.5
,,246.560589366629,274
,,248.456647231922,293
,,250.351987664188,270.5
,,252.246610996595,277
,,254.140517562102,290
,,256.033707693441,280
,,257.926181723144,289
,,259.817939983512,271
,,261.708982806638,277
,,263.599310524403,277
,,265.488923468469,265
,,267.377821970284,277
,,269.26600636108,272.5
,,271.153476971878,243.5
,,273.040234133483,234.5
,,274.926278176486,258.5
,,276.811609431265,290.5
,,278.69622822798,297.5
,,280.580134896583,296.5
,,282.463329766813,286
,,284.345813168189,299.5
,,286.227585430024,286
,,288.108646881416,256.5
,,289.988997851247,278
,,291.868638668191,295.5
,,293.747569660709,267
,,295.625791157048,284.5
,,297.503303485239,278
,,299.380106973114,266.5
,,301.256201948281,284.5
,,303.131588738137,293.5
,,305.006267669878,278.5
,,306.880239070475,290
,,308.753503266698,267
,,310.626060585104,275
,,312.49791135204,287
,,314.369055893634,283.5
,,316.239494535816,312.5
,,318.109227604295,289.5
,,319.978255424579,295.5
,,321.846578321964,267
,,323.714196621529,289.5
,,325.581110648151,255
,,327.447320726491,283.5
,,329.312827181013,280
,,331.177630335957,278
,,333.041730515366,289.5
,,334.905128043067,283
,,336.767823242679,272
,,338.629816437613,255
,,340.491107951078,239
,,342.351698106067,225
,,344.211587225367,217
,,346.070775631559,244
,,347.929263647009,237.5
,,349.787051593894,224
,,351.644139794162,208
,,353.500528569564,245
,,355.356218241648,251
,,357.211209131747,266.5
,,359.065501560986,266
,,360.919095850299,243.5
,,362.771992320395,290
,,364.624191291785,311
,,366.475693084774,308
,,368.326498019464,311
,,370.176606415744,275.5
,,372.026018593304,278.5
,,373.874734871624,251.5
,,375.722755569981,242.5
,,377.570081007447,265
,,379.416711502885,261
,,381.262647374964,266.5
,,383.107888942135,223
,,384.952436522655,237.5
,,386.79629043457,246
,,388.639450995721,218.5
,,390.481918523754,206.5
,,392.323693336104,200.5
,,394.164775750001,222.5
,,396.005166082479,194
,,397.844864650357,193
,,399.683871770265,200.5
,,401.522187758617,202
,,403.359812931632,207
,,405.196747605327,236
,,407.032992095506,223.5
,,408.868546717782,235
,,410.703411787561,215
,,412.537587620049,220.5
,,414.371074530249,218
,,416.203872832957,220.5
,,418.035982842777,215
,,419.867404874105,215.5
,,421.698139241136,206.5
,,423.528186257867,209
,,425.357546238092,216.5
,,427.186219495403,214.5
,,429.014206343187,226
,,430.841507094647,198.5
,,432.668122062767,233
,,434.494051560343,227
,,436.319295899961,212.5
,,438.14385539401,211.5
,,439.967730354691,199.5
,,441.790921093985,202.5
,,443.613427923692,212.5
,,445.435251155401,197
,,447.256391100504,214.5
,,449.076848070199,222
,,450.89662237548,216
,,452.715714327145,211
,,454.534124235792,260.5
,,456.351852411821,266.5
,,458.16889916543,236
,,459.985264806626,269
,,461.800949645216,245.5
,,463.615953990806,216.5
,,465.430278152804,211
,,467.243922440422,210.5
,,469.056887162678,193.5
,,470.869172628391,225
,,472.680779146182,211
,,474.491707024468,225
,,476.301956571482,226
,,478.111528095253,209.5
,,479.920421903618,200.5
,,481.72863830421,220
,,483.536177604474,244
,,485.343040111651,223
,,487.149226132797,247
,,488.954735974761,273.5
,,490.759569944203,275
,,492.563728347586,253
,,494.367211491179,245.5
,,496.170019681054,239.5
,,497.972153223085,220
,,499.77361242296,211
,,501.574397586164,214.5
,,503.374509017991,211
,,505.173947023542,209.5
,,506.972711907716,181.5
,,508.770803975232,222.5
,,510.568223530603,189.5
,,512.364970878152,203.5
,,514.161046322009,220.5
,,515.956450166112,227.5
,,517.751182714195,206
,,519.545244269821,218
,,521.338635136335,218.5
,,523.131355616908,214
,,524.923406014505,212.5
,,526.714786631906,198.5
,,528.505497771697,202.5
,,530.295539736278,206
,,532.084912827839,201.5
,,533.873617348396,175
,,535.661653599765,257
,,537.449021883567,249.5
,,539.235722501244,270
,,541.021755754035,299
,,542.807121942988,282
,,544.591821368967,281
,,546.37585433264,222.5
,,548.159221134483,208
,,549.941922074791,180.5
,,551.723957453652,194.5
,,553.505327570978,194.5
,,555.286032726481,201
,,557.066073219688,197
,,558.845449349939,184.5
,,560.624161416377,234
,,562.40220971796,207.5
,,564.179594553454,196
,,565.956316221434,203
,,567.732375020294,195
,,569.507771248231,220.5
,,571.282505203249,206
,,573.056577183179,216.5
,,574.829987485648,206
,,576.6027364081,188
,,578.374824247796,191
,,580.146251301796,218.5
,,581.917017866981,241.5
,,583.687124240043,210
,,585.45657071749,226
,,587.225357595635,211
,,588.9934851706,202.5
,,590.760953738332,222.5
,,592.527763594586,212.5
,,594.293915034921,213
,,596.059408354722,177.5
,,597.824243849183,200.5
,,599.588421813303,186.5
,,601.351942541907,221
,,603.114806329624,224
,,604.877013470903,202
,,606.638564260005,199
,,608.399458991002,201.5
,,610.159697957783,195
,,611.919281454051,206.5
,,613.678209773321,188
,,615.436483208929,218
,,617.194102054018,204.5
,,618.951066601549,223
,,620.707377144301,145.5
,,622.463033974862,197.5
,,624.218037385641,207.5
,,625.972387668859,219.5
,,627.726085116552,222
,,629.479130020578,179.5
,,631.231522672599,181
,,632.983263364104,200
,,634.734352386393,196.5
,,636.484790030583,192
,,638.234576587611,205.5
,,639.983712348219,215.5
,,641.73219760298,223.5
,,643.480032642277,227
,,645.227217756308,234
,,646.973753235096,241
,,648.719639368464,243
,,650.464876446078,204
,,652.209464757396,232.5
,,653.95340459171,237.5
,,655.696696238127,189.5
,,657.439339985565,162
,,659.181336122767,205
,,660.92268493829,201
,,662.663386720513,188.5
,,664.403441757631,172
,,666.142850337659,186.5
,,667.881612748426,182
,,669.619729277587,211.5
,,671.357200212613,189.5
,,673.09402584079,199.5
,,674.830206449229,187.5
,,676.565742324861,195.5
,,678.300633754428,173
,,680.0348810245,200.5
,,681.768484421467,196.5
,,683.501444231533,195.5
,,685.233760740726,217
,,686.965434234891,192.5
,,688.696464999701,212.5
,,690.426853320636,228.5
,,692.156599483014,178.5
,,693.885703771959,168
,,695.614166472422,194
,,697.341987869173,199
,,699.069168246802,194.5
,,700.795707889734,213.5
,,702.521607082192,213
,,704.246866108238,211
,,705.97148525175,217.5
,,707.695464796425,187
,,709.418805025789,194.5
,,711.141506223184,167.5
,,712.863568671777,153.5
,,714.584992654554,180
,,716.305778454329,179
,,718.025926353735,186
,,719.745436635227,188
,,721.464309581086,176
,,723.182545473413,186.5
,,724.900144594132,165
,,726.617107224991,176
,,728.333433647569,185.5
,,730.049124143252,184
,,731.764178993264,201.5
,,733.47859847865,175.5
,,735.19238288027,196.5
,,736.905532478821,210.5
,,738.618047554814,211
,,740.329928388594,180.5
,,742.041175260318,206.5
,,743.751788449978,189
,,745.461768237383,217
,,747.171114902176,205.5
,,748.879828723819,207.5
,,750.587909981596,219.5
,,752.295358954623,219.5
,,754.00217592184,213
,,755.708361162007,211.5
,,757.413914953717,199.5
,,759.118837575385,184
,,760.82312930525,186
,,762.52679042138,166.5
,,764.229821201665,173
,,765.932221923833,161
,,767.633992865425,152
,,769.335134303812,199.5
,,771.035646516195,188.5
,,772.735529779597,173
,,774.434784370877,203.5
,,776.133410566708,161
,,777.831408643602,181
,,779.528778877891,143.5
,,781.225521545737,175.5
,,782.921636923127,176
,,784.61712528588,179
,,786.311986909644,171.5
,,788.006222069889,176
,,789.699831041913,212
,,791.392814100845,172
,,793.085171521647,194.5
,,794.776903579101,205.5
,,796.468010547824,182.5
,,798.158492702256,199.5
,,799.848350316668,201.5
,,801.537583665162,187
,,803.226193021668,167
,,804.914178659947,192.5
,,806.601540853584,208
,,808.288279875998,171
,,809.974396000436,203
,,811.659889499977,159.5
,,813.344760647526,181.5
,,815.029009715818,188.5
,,816.712636977423,182
,,818.395642704736,161.5
,,820.078027169986,165
,,821.75979064523,217.5
,,823.440933402358,162.5
,,825.121455713088,197.5
,,826.80135784897,223
,,828.480640081383,258
,,830.159302681543,267
,,831.83734592049,246
,,833.514770069103,226.5
,,835.191575398083,238.5
,,836.86776217797,187
,,838.543330679133,205
,,840.218281171776,202
,,841.892613925927,179
,,843.566329211457,163.5
,,845.23942729806,157.5
,,846.911908455264,196
,,848.583772952437,179
,,850.255021058767,204
,,851.925653043289,166
,,853.595669174858,204
,,855.265069722167,158
,,856.933854953746,169
,,858.602025137954,124.5
,,860.269580542981,191.5
,,861.936521436857,197
,,863.602848087439,204.5
,,865.268560762423,215
,,866.933659729335,205.5
,,868.598145255537,229.5
,,870.262017608224,261
,,871.925277054426,265.5
,,873.587923861005,254
,,875.249958294664,269
,,876.91138062193,229
,,878.572191109175,194
,,880.232390022602,192
,,881.891977628242,217.5
,,883.550954191973,206.5
,,885.209319979502,200.5
,,886.867075256368,180.5
,,888.524220287953,183
,,890.18075533947,188
,,891.836680675964,196
,,893.491996562323,176
,,895.146703263272,208
,,896.800801043362,208
,,898.45429016699,178.5
,,900.10717089838,180.5
,,901.759443501602,192
,,903.411108240556,199
,,905.062165378984,187
,,906.712615180455,184
,,908.362457908388,188.5
,,910.011693826027,163.5
,,911.660323196462,180
,,913.308346282616,173.5
,,914.955763347247,169
,,916.602574652954,148
,,918.248780462172,174.5
,,919.89438103718,209.5
,,921.539376640083,186
,,923.183767532832,175.5
,,924.827553977215,203
,,926.470736234858,229
,,928.113314567219,247.5
,,929.755289235609,255.5
,,931.396660501159,247.5
,,933.037428624855,243
,,934.677593867513,212
,,936.317156489788,179
,,937.956116752177,186.5
,,939.594474915015,180
,,941.232231238477,176
,,942.869385982573,150
,,944.505939407158,139.5
,,946.141891771922,169
,,947.777243336401,176.5
,,949.411994359964,157.5
,,951.046145101822,209
,,952.679695821031,194.5
,,954.312646776476,241
,,955.944998226892,272
,,957.576750430857,254.5
,,959.207903646779,214.5
,,960.83845813291,185
,,962.468414147348,184.5
,,964.097771948025,143
,,965.726531792719,162.5
,,967.354693939049,143
,,968.982258644472,159
,,970.609226166283,138.5
,,972.235596761629,141
,,973.861370687495,163.5
,,975.486548200699,145
,,977.11112955791,152.5
,,978.735115015636,141.5
,,980.358504830228,135
,,981.981299257874,138.5
,,983.603498554616,151.5
,,985.225102976321,163
,,986.846112778716,170.5
,,988.466528217361,137
,,990.086349547661,139
,,991.705577024859,145.5
,,993.324210904051,155.5
,,994.942251440167,132
,,996.559698887982,168
,,998.176553502119,156
,,999.792815537039,164.5
,,1001.40848524705,176
,,1003.0235628863,152.5
,,1004.63804870879,157
,,1006.25194296835,199.5
,,1007.86524591866,197
,,1009.47795781325,180.5
,,1011.09007890549,194
,,1012.7016094486,186.5
,,1014.31254969563,170.5
,,1015.92289989948,181.5
,,1017.5326603129,183
,,1019.14183118849,221.5
,,1020.75041277869,217
,,1022.35840533577,228
,,1023.96580911186,244
,,1025.57262435893,228
,,1027.17885132881,228.5
,,1028.78449027316,214
,,1030.38954144348,195.5
,,1031.99400509112,180
,,1033.5978814673,173.5
,,1035.20117082306,154
,,1036.80387340928,168
,,1038.4059894767,166.5
,,1040.00751927592,195.5
,,1041.60846305736,180
,,1043.20882107129,156
,,1044.80859356784,190
,,1046.40778079699,197.5
,,1048.00638300854,151
,,1049.60440045217,182
,,1051.20183337738,174
,,1052.79868203352,141.5
,,1054.39494666982,168
,,1055.99062753531,195.5
,,1057.5857248789,198.5
,,1059.18023894933,194.5
,,1060.7741699952,188.5
,,1062.36751826496,175.5
,,1063.96028400689,188
,,1065.55246746913,157
,,1067.14406889967,130
,,1068.73508854633,166
,,1070.32552665682,156
,,1071.91538347865,153.5
,,1073.50465925921,129
,,1075.09335424573,146
,,1076.68146868527,143.5
,,1078.26900282478,136.5
,,1079.85595691102,160.5
,,1081.44233119062,132
,,1083.02812591005,173.5
,,1084.61334131564,188
,,1086.19797765355,166
,,1087.78203516981,153.5
,,1089.36551411028,142.5
,,1090.9484147207,162
,,1092.53073724662,174
,,1094.11248193348,136.5
,,1095.69364902654,168
,,1097.27423877092,151.5
,,1098.8542514116,156.5
,,1100.43368719338,140.5
,,1102.01254636096,161.5
,,1103.59082915883,133.5
,,1105.1685358314,180.5
,,1106.74566662286,165.5
,,1108.32222177731,145
,,1109.89820153866,189.5
,,1111.4736061507,169.5
,,1113.04843585704,149
,,1114.62269090118,151
,,1116.19637152644,193.5
,,1117.769477976,176
,,1119.34201049289,175
,,1120.91396932001,163.5
,,1122.48535470009,174
,,1124.05616687572,190
,,1125.62640608934,200
,,1127.19607258324,167.5
,,1128.76516659958,207.5
,,1130.33368838034,202
,,1131.90163816739,201
,,1133.46901620242,182.5
,,1135.03582272699,147.5
,,1136.60205798251,163
,,1138.16772221025,144.5
,,1139.73281565131,135
,,1141.29733854666,137
,,1142.86129113713,156.5
,,1144.42467366339,152.5
,,1145.98748636597,194
,,1147.54972948525,151
,,1149.11140326147,152
,,1150.67250793471,160
,,1152.23304374493,159
,,1153.7930109319,190.5
,,1155.35240973529,168
,,1156.91124039461,157.5
,,1158.4695031492,196
,,1160.02719823829,158.5
,,1161.58432590094,144
,,1163.14088637608,138
,,1164.69687990248,155
,,1166.25230671877,132.5
,,1167.80716706346,102.5
,,1169.36146117486,165.5
,,1170.91518929119,171
,,1172.4683516505,134.5
,,1174.02094849068,152.5
,,1175.57298004952,150
,,1177.12444656462,120.5
,,1178.67534827347,152
,,1180.22568541338,136
,,1181.77545822155,116.5
,,1183.32466693502,117.5
,,1184.87331179068,110
,,1186.4213930253,121.5
,,1187.96891087548,142
,,1189.51586557769,445
,,1191.06225736825,122
,,1192.60808648335,151
,,1194.15335315901,123.5
,,1195.69805763113,137
,,1197.24220013547,112
,,1198.78578090762,137.5
,,1200.32880018306,134
,,1201.8712581971,133.5
,,1203.41315518492,100.5
,,1204.95449138156,113.5
,,1206.49526702192,133.5
,,1208.03548234073,155
,,1209.57513757262,146.5
,,1211.11423295205,133.5
,,1212.65276871333,148
,,1214.19074509067,131
,,1215.72816231809,130.5
,,1217.26502062949,135
,,1218.80132025863,151
,,1220.33706143912,146.5
,,1221.87224440445,122
,,1223.40686938793,148.5
,,1224.94093662277,139
,,1226.47444634202,122
,,1228.00739877856,119.5
,,1229.53979416519,124
,,1231.07163273453,145
,,1232.60291471905,121.5
,,1234.1336403511,149
,,1235.6638098629,155.5
,,1237.1934234865,148.5
,,1238.72248145383,141.5
,,1240.25098399667,139
,,1241.77893134666,165.5
,,1243.30632373531,152
,,1244.83316139398,141.5
,,1246.35944455389,154.5
,,1247.88517344612,183
,,1249.41034830163,170.5
,,1250.9349693512,153
,,1252.45903682551,171
,,1253.98255095508,144
,,1255.5055119703,176
,,1257.02792010141,153
,,1258.54977557853,155
,,1260.0710786316,147.5
,,1261.59182949048,135.5
,,1263.11202838484,158.5
,,1264.63167554425,122
,,1266.1507711981,157.5
,,1267.66931557568,142
,,1269.18730890613,129.5
,,1270.70475141843,116.5
,,1272.22164334145,107.5
,,1273.73798490391,121.5
,,1275.2537763344,135.5
,,1276.76901786135,118.5
,,1278.28370971308,147.5
,,1279.79785211775,149
,,1281.3114453034,139
,,1282.82448949793,124
,,1284.33698492908,134.5
,,1285.84893182448,160.5
,,1287.36033041161,140
,,1288.87118091781,143
,,1290.3814835703,132
,,1291.89123859614,144.5
,,1293.40044622227,149.5
,,1294.90910667548,162
,,1296.41722018244,153
,,1297.92478696967,136.5
,,1299.43180726356,176.5
,,1300.93828129036,149.5
,,1302.44420927617,163
,,1303.94959144699,149
,,1305.45442802866,132.5
,,1306.95871924687,153.5
,,1308.4624653272,148
,,1309.96566649509,112.5
,,1311.46832297584,185
,,1312.9704349946,193.5
,,1314.47200277641,158
,,1315.97302654615,182
,,1317.47350652859,188.5
,,1318.97344294835,186
,,1320.47283602991,162.5
,,1321.97168599762,210
,,1323.4699930757,169
,,1324.96775748824,162.5
,,1326.46497945918,165
,,1327.96165921232,154
,,1329.45779697135,157.5
,,1330.95339295982,192.5
,,1332.44844740112,162
,,1333.94296051854,173.5
,,1335.43693253521,159.5
,,1336.93036367414,179
,,1338.42325415821,166.5
,,1339.91560421015,177.5
,,1341.40741405256,157.5
,,1342.89868390791,170.5
,,1344.38941399855,170.5
,,1345.87960454667,196.5
,,1347.36925577434,159.5
,,1348.8583679035,206
,,1350.34694115596,161
,,1351.83497575338,172.5
,,1353.3224719173,163.5
,,1354.80942986913,171
,,1356.29584983013,163
,,1357.78173202145,165.5
,,1359.26707666407,133.5
,,1360.7518839789,144
,,1362.23615418665,130.5
,,1363.71988750794,125.5
,,1365.20308416325,170.5
,,1366.68574437291,128.5
,,1368.16786835714,128
,,1369.64945633602,132
,,1371.13050852949,134.5
,,1372.61102515737,139
,,1374.09100643934,165
,,1375.57045259496,151.5
,,1377.04936384364,157
,,1378.52774040467,154
,,1380.00558249722,173.5
,,1381.48289034029,152
,,1382.9596641528,150
,,1384.43590415349,143.5
,,1385.91161056101,166.5
,,1387.38678359386,174.5
,,1388.8614234704,174.5
,,1390.33553040888,159.5
,,1391.8091046274,173.5
,,1393.28214634394,199
,,1394.75465577636,171
,,1396.22663314236,181
,,1397.69807865954,134
,,1399.16899254534,159.5
,,1400.63937501711,134
,,1402.10922629203,145.5
,,1403.57854658717,142.5
,,1405.04733611947,143
,,1406.51559510573,134
,,1407.98332376263,130
,,1409.45052230672,141
,,1410.91719095442,149.5
,,1412.38332992202,143.5
,,1413.84893942567,157.5
,,1415.31401968141,120.5
,,1416.77857090513,139
,,1418.24259331261,148
,,1419.70608711949,125
,,1421.16905254129,127.5
,,1422.63148979339,135.5
,,1424.09339909104,159
,,1425.55478064938,139
,,1427.0156346834,141
,,1428.47596140798,129
,,1429.93576103785,142
,,1431.39503378764,148
,,1432.85377987182,162.5
,,1434.31199950476,132.5
,,1435.76969290068,158
,,1437.22686027369,129.5
,,1438.68350183777,172
,,1440.13961780675,151.5
,,1441.59520839436,160
,,1443.05027381419,192
,,1444.5048142797,208
,,1445.95883000423,166
,,1447.41232120099,167.5
,,1448.86528808306,168.5
,,1450.3177308634,143.5
,,1451.76964975483,179
,,1453.22104497006,148.5
,,1454.67191672166,187.5
,,1456.12226522207,177
,,1457.57209068362,149
,,1459.0213933185,159.5
,,1460.47017333878,143.5
,,1461.9184309564,149.5
,,1463.36616638317,135.5
,,1464.81337983079,133.5
,,1466.26007151082,144
,,1467.70624163469,136
,,1469.15189041371,154.5
,,1470.59701805907,113
,,1472.04162478183,147
,,1473.48571079292,124.5
,,1474.92927630314,142.5
,,1476.37232152319,156
,,1477.81484666361,104
,,1479.25685193484,140
,,1480.69833754718,102.5
,,1482.13930371082,103.5
,,1483.57975063581,105
,,1485.01967853208,135.5
,,1486.45908760943,100
,,1487.89797807756,115
,,1489.336350146,114
,,1490.7742040242,91
,,1492.21153992146,134.5
,,1493.64835804696,111.5
,,1495.08465860977,108
,,1496.52044181881,121
,,1497.9557078829,107
,,1499.39045701072,112
,,1500.82468941082,91.5
,,1502.25840529165,113
,,1503.69160486153,151.5
,,1505.12428832864,128.5
,,1506.55645590104,98.5
,,1507.98810778668,97
,,1509.41924419338,125.5
,,1510.84986532883,125.5
,,1512.2799714006,93.5
,,1513.70956261615,110.5
,,1515.13863918279,75.5
,,1516.56720130773,93
,,1517.99524919805,112.5
,,1519.4227830607,119
,,1520.84980310252,123
,,1522.27630953022,117
,,1523.70230255038,141
,,1525.12778236947,90
,,1526.55274919384,95.5
,,1527.97720322969,107
,,1529.40114468314,125
,,1530.82457376015,98
,,1532.24749066658,77
,,1533.66989560815,101.5
,,1535.09178879049,114
,,1536.51317041907,125
,,1537.93404069926,108
,,1539.3543998363,108.5
,,1540.77424803532,119.5
,,1542.19358550131,129.5
,,1543.61241243916,117
,,1545.03072905361,104
,,1546.44853554932,90
,,1547.86583213078,127
,,1549.28261900239,92.5
,,1550.69889636843,100.5
,,1552.11466443305,128.5
,,1553.52992340027,104.5
,,1554.94467347401,127.5
,,1556.35891485805,126
,,1557.77264775607,101
,,1559.1858723716,109.5
,,1560.59858890807,113
,,1562.0107975688,107.5
,,1563.42249855697,111.5
,,1564.83369207563,132
,,1566.24437832774,138
,,1567.65455751613,89
,,1569.06422984349,107.5
,,1570.47339551241,92
,,1571.88205472536,123.5
,,1573.29020768468,114
,,1574.6978545926,95.5
,,1576.10499565123,127.5
,,1577.51163106254,100.5
,,1578.91776102841,81.5
,,1580.32338575059,105.5
,,1581.72850543069,78
,,1583.13312027024,124
,,1584.53723047062,94.5
,,1585.94083623311,134
,,1587.34393775884,119.5
,,1588.74653524887,148.5
,,1590.14862890409,107
,,1591.55021892531,99
,,1592.95130551321,121
,,1594.35188886833,103
,,1595.75196919113,132
,,1597.15154668191,97.5
,,1598.55062154089,103.5
,,1599.94919396815,92
,,1601.34726416366,106.5
,,1602.74483232725,113
,,1604.14189865868,104
,,1605.53846335753,106
,,1606.93452662332,115.5
,,1608.33008865542,93
,,1609.72514965308,111
,,1611.11970981545,82.5
,,1612.51376934155,119.5
,,1613.90732843029,105
,,1615.30038728045,121
,,1616.69294609071,94
,,1618.08500505963,80.5
,,1619.47656438563,93.5
,,1620.86762426705,80.5
,,1622.25818490208,93
,,1623.6482464888,97.5
,,1625.0378092252,81
,,1626.42687330912,81.5
,,1627.8154389383,104
,,1629.20350631036,108
,,1630.59107562279,101.5
,,1631.978147073,101.5
,,1633.36472085824,93
,,1634.75079717568,95
,,1636.13637622235,94
,,1637.52145819517,89.5
,,1638.90604329095,96.5
,,1640.29013170637,82.5
,,1641.67372363801,104
,,1643.05681928234,95
,,1644.43941883568,88
,,1645.82152249428,110
,,1647.20313045424,102
,,1648.58424291155,78.5
,,1649.96486006209,83
,,1651.34498210164,103.5
,,1652.72460922584,71
,,1654.10374163022,77
,,1655.48237951021,87.5
,,1656.8605230611,75
,,1658.2381724781,93.5
,,1659.61532795627,91
,,1660.99198969058,103.5
,,1662.36815787586,74.5
,,1663.74383270685,83.5
,,1665.11901437817,92
,,1666.49370308431,83
,,1667.86789901967,78.5
,,1669.24160237851,61
,,1670.614813355,112.5
,,1671.98753214318,84
,,1673.35975893698,90
,,1674.73149393022,93
,,1676.1027373166,95
,,1677.4734892897,103
,,1678.84375004301,90.5
,,1680.21351976988,92
,,1681.58279866357,94.5
,,1682.9515869172,76
,,1684.31988472379,92
,,1685.68769227626,94.5
,,1687.0550097674,90
,,1688.42183738988,74.5
,,1689.78817533628,90
,,1691.15402379905,113
,,1692.51938297053,110.5
,,1693.88425304294,127.5
,,1695.24863420842,85
,,1696.61252665895,101.5
,,1697.97593058642,98
,,1699.33884618262,106
,,1700.70127363922,91.5
,,1702.06321314775,61
,,1703.42466489967,109
,,1704.78562908629,73.5
,,1706.14610589884,121.5
,,1707.50609552842,76.5
,,1708.86559816601,111
,,1710.22461400251,88
,,1711.58314322867,99.5
,,1712.94118603515,96.5
,,1714.29874261249,85.5
,,1715.65581315114,111
,,1717.0123978414,78
,,1718.36849687348,89.5
,,1719.72411043748,81
,,1721.0792387234,56
,,1722.43388192109,89
,,1723.78804022032,78
,,1725.14171381076,68.5
,,1726.49490288193,73
,,1727.84760762327,117
,,1729.19982822409,83
,,1730.55156487361,104
,,1731.90281776091,60
,,1733.25358707499,62
,,1734.60387300473,101
,,1735.95367573888,64.5
,,1737.30299546609,93.5
,,1738.65183237493,106
,,1740.00018665381,84
,,1741.34805849106,53
,,1742.6954480749,98.5
,,1744.04235559342,81
,,1745.38878123462,77
,,1746.73472518639,83.5
,,1748.08018763649,65.5
,,1749.42516877259,75
,,1750.76966878224,104.5
,,1752.11368785288,78.5
,,1753.45722617185,75.5
,,1754.80028392637,70
,,1756.14286130356,64
,,1757.48495849042,106
,,1758.82657567385,75.5
,,1760.16771304063,97.5
,,1761.50837077745,54
,,1762.84854907086,66.5
,,1764.18824810734,75.5
,,1765.52746807322,76.5
,,1766.86620915475,99
,,1768.20447153807,86.5
,,1769.54225540919,90.5
,,1770.87956095404,84.5
,,1772.21638835841,95.5
,,1773.55273780801,95
,,1774.88860948842,50
,,1776.22400358513,90
,,1777.55892028351,53
,,1778.89335976882,78.5
,,1780.22732222622,91
,,1781.56080784075,58
,,1782.89381679736,55
,,1784.22634928089,38.5
,,1785.55840547604,79
,,1786.88998556744,73
,,1788.2210897396,55
,,1789.55171817692,96
,,1790.88187106369,65.5
,,1792.21154858409,83.5
,,1793.54075092222,59
,,1794.86947826202,73.5
,,1796.19773078738,73.5
,,1797.52550868204,71.5
,,1798.85281212966,110.5
,,1800.17964131377,68.5
,,1801.50599641781,89
,,1802.83187762511,74
,,1804.15728511889,50
,,1805.48221908227,96
,,1806.80667969824,51.5
,,1808.13066714972,88
,,1809.4541816195,71.5
,,1810.77722329025,65
,,1812.09979234457,57.5
,,1813.42188896493,59.5
,,1814.74351333369,97.5
,,1816.06466563313,72
,,1817.38534604539,63.5
,,1818.70555475252,85
,,1820.02529193647,54.5
,,1821.34455777908,103.5
,,1822.66335246207,71.5
,,1823.98167616708,64.5
,,1825.29952907562,106.5
,,1826.61691136911,54
,,1827.93382322885,50.5
,,1829.25026483606,61
,,1830.56623637182,58.5
,,1831.88173801713,68
,,1833.19676995287,49
,,1834.51133235984,30.5
,,1835.82542541869,59.5
,,1837.13904931002,64
,,1838.45220421428,76
,,1839.76489031182,58
,,1841.07710778292,80
,,1842.38885680772,68.5
,,1843.70013756627,55
,,1845.0109502385,85.5
,,1846.32129500426,42.5
,,1847.63117204328,102.5
,,1848.94058153519,91.5
,,1850.2495236595,74.5
,,1851.55799859565,94.5
,,1852.86600652294,64.5
,,1854.17354762058,58
,,1855.48062206769,65
,,1856.78723004326,66.5
,,1858.0933717262,70
,,1859.39904729529,71.5
,,1860.70425692923,75
,,1862.0090008066,43.5
,,1863.3132791059,72.5
,,1864.61709200548,60
,,1865.92043968364,76
,,1867.22332231854,61.5
,,1868.52574008826,72
,,1869.82769317075,77
,,1871.12918174388,45.5
,,1872.43020598541,49.5
,,1873.73076607299,44
,,1875.03086218417,58.5
,,1876.33049449641,47.5
,,1877.62966318705,53.5
,,1878.92836843333,99.5
,,1880.2266104124,49
,,1881.52438930128,53
,,1882.82170527693,81
,,1884.11855851615,67
,,1885.4149491957,88.5
,,1886.71087749218,49
,,1888.00634358213,75.5
,,1889.30134764197,52.5
,,1890.59588984803,92
,,1891.8899703765,47
,,1893.18358940352,70.5
,,1894.47674710509,72
,,1895.76944365713,50.5
,,1897.06167923544,51.5
,,1898.35345401573,76
,,1899.64476817361,54.5
,,1900.93562188457,87
,,1902.22601532402,49
,,1903.51594866727,80.5
,,1904.8054220895,58.5
,,1906.09443576582,18.5
,,1907.38298987122,50
,,1908.67108458059,66
,,1909.95872006873,47
,,1911.24589651033,57
,,1912.53261407997,45.5
,,1913.81887295215,43.5
,,1915.10467330126,72
,,1916.39001530157,67.5
,,1917.67489912729,68
,,1918.95932495248,53.5
,,1920.24329295115,73.5
,,1921.52680329716,52
,,1922.8098561643,44.5
,,1924.09245172626,69
,,1925.37459015661,61.5
,,1926.65627162885,85.5
,,1927.93749631634,53.5
,,1929.21826439236,67.5
,,1930.49857603011,64
,,1931.77843140266,43.5
,,1933.05783068298,63
,,1934.33677404396,56
,,1935.61526165838,46
,,1936.89329369891,61
,,1938.17087033814,48.5
,,1939.44799174855,91
,,1940.72465810252,38
,,1942.00086957232,49
,,1943.27662633014,56.5
,,1944.55192854806,62
,,1945.82677639806,52.5
,,1947.10117005202,51.5
,,1948.37510968173,59
,,1949.64859545888,37.5
,,1950.92162755503,69.5
,,1952.19420614169,43.5
,,1953.46633139023,44
,,1954.73800347195,64.5
,,1956.00922255803,45.5
,,1957.27998881956,60.5
,,1958.55030242753,45
,,1959.82016355283,43
,,1961.08957236626,91
,,1962.35852903851,59
,,1963.62703374017,74
,,1964.89508664175,61
,,1966.16268791364,67
,,1967.42983772614,44
,,1968.69653624945,58.5
,,1969.96278365368,58
,,1971.22858010883,59
,,1972.49392578481,62
,,1973.75882085144,65
,,1975.02326547841,38
,,1976.28725983534,28
,,1977.55080409175,56
,,1978.81389841706,27
,,1980.07654298059,44
,,1981.33873795155,36.5
,,1982.60048349907,50.5
,,1983.86177979219,41.5
,,1985.12262699982,34.5
,,1986.3830252908,16.5
,,1987.64297483387,48.5
,,1988.90247579766,57.5
,,1990.16152835071,70.5
,,1991.42013266146,46.5
,,1992.67828889827,76
,,1993.93599722937,48.5
,,1995.19325782292,54
,,1996.45007084698,40
,,1997.70643646949,34
,,1998.96235485834,52.5
,,2000.21782618127,60
,,2001.47285060595,58.5
,,2002.72742829996,56.5
,,2003.98155943077,68
,,2005.23524416575,55.5
,,2006.48848267219,45
,,2007.74127511728,66
,,2008.9936216681,56
,,2010.24552249164,40
,,2011.4969777548,40.5
,,2012.74798762438,39.5
,,2013.99855226709,40
,,2015.24867184953,21.5
,,2016.49834653821,20
,,2017.74757649955,36
,,2018.99636189987,51
,,2020.2447029054,41
,,2021.49259968226,47.5
,,2022.74005239649,50
,,2023.98706121402,40.5
,,2025.2336263007,46
,,2026.47974782227,23.5
,,2027.72542594438,67.5
,,2028.9706608326,43.5
,,2030.21545265237,65.5
,,2031.45980156908,39.5
,,2032.70370774798,63
,,2033.94717135425,44
,,2035.19019255297,75
,,2036.43277150913,39.5
,,2037.67490838762,76
,,2038.91660335323,46
,,2040.15785657066,58.5
,,2041.39866820453,50.5
,,2042.63903841933,50
,,2043.8789673795,40
,,2045.11845524934,54.5
,,2046.35750219309,52
,,2047.59610837489,19.5
,,2048.83427395876,29.5
,,2050.07199910866,64.5
,,2051.30928398844,72.5
,,2052.54612876184,38.5
,,2053.78253359254,49
,,2055.01849864411,38
,,2056.25402408001,53.5
,,2057.48911006363,53
,,2058.72375675825,32
,,2059.95796432706,52.5
,,2061.19173293318,62.5
,,2062.42506273959,33
,,2063.65795390921,62.5
,,2064.89040660486,30
,,2066.12242098927,47.5
,,2067.35399722506,45
,,2068.58513547477,43
,,2069.81583590085,38
,,2071.04609866565,32
,,2072.27592393143,70
,,2073.50531186034,62
,,2074.73426261447,43
,,2075.96277635579,46
,,2077.19085324619,31.5
,,2078.41849344745,67
,,2079.64569712128,45.5
,,2080.87246442929,51.5
,,2082.09879553299,60
,,2083.32469059381,42
,,2084.55014977306,51.5
,,2085.77517323199,36.5
,,2086.99976113175,52.5
,,2088.22391363338,31.5
,,2089.44763089784,66.5
,,2090.670913086,12.5
,,2091.89376035863,40.5
,,2093.11617287642,48.5
,,2094.33815079996,44.5
,,2095.55969428975,50
,,2096.78080350619,28
,,2098.00147860959,25
,,2099.22171976018,69.5
,,2100.4415271181,43.5
,,2101.66090084336,54.5
,,2102.87984109594,11
,,2104.09834803567,47.5
,,2105.31642182233,51.5
,,2106.53406261559,37
,,2107.75127057502,37.5
,,2108.96804586012,34.5
,,2110.18438863028,54.5
,,2111.40029904482,16
,,2112.61577726294,38
,,2113.83082344377,74
,,2115.04543774634,44.5
,,2116.25962032961,47.5
,,2117.4733713524,53.5
,,2118.68669097349,30.5
,,2119.89957935155,36
,,2121.11203664515,37.5
,,2122.32406301279,60
,,2123.53565861285,32
,,2124.74682360364,58
,,2125.95755814338,27.5
,,2127.1678623902,22
,,2128.37773650212,46.5
,,2129.5871806371,41.5
,,2130.79619495298,45
,,2132.00477960753,29.5
,,2133.21293475842,47.5
,,2134.42066056323,53.5
,,2135.62795717946,43.5
,,2136.83482476451,24
,,2138.04126347569,44.5
,,2139.24727347022,50.5
,,2140.45285490524,45.5
,,2141.65800793779,57.5
,,2142.86273272481,18
,,2144.06702942318,37
,,2145.27089818967,38.5
,,2146.47433918096,76.5
,,2147.67735255364,37.5
,,2148.87993846422,28.5
,,2150.08209706912,64
,,2151.28382852465,39.5
,,2152.48513298706,52.5
,,2153.6860106125,36.5
,,2154.88646155701,35.5
,,2156.08648597657,50.5
,,2157.28608402706,52.5
,,2158.48525586427,41.5
,,2159.6840016439,6
,,2160.88232152156,45.5
,,2162.08021565278,20.5
,,2163.27768419298,32.5
,,2164.47472729752,48.5
,,2165.67134512165,11
,,2166.86753782054,48.5
,,2168.06330554928,26
,,2169.25864846284,27
,,2170.45356671614,31.5
,,2171.64806046398,6.5
,,2172.8421298611,29
,,2174.03577506213,28.5
,,2175.22899622162,43.5
,,2176.42179349403,30
,,2177.61416703373,27.5
,,2178.80611699501,36
,,2179.99764353207,21.5
,,2181.188746799,22
,,2182.37942694984,42.5
,,2183.56968413851,39
,,2184.75951851887,14.5
,,2185.94893024466,21.5
,,2187.13791946956,59
,,2188.32648634714,29
,,2189.51463103091,34
,,2190.70235367426,58.5
,,2191.88965443052,50
,,2193.07653345292,54.5
,,2194.2629908946,34
,,2195.44902690862,36.5
,,2196.63464164794,43.5
,,2197.81983526545,25
,,2199.00460791395,15.5
,,2200.18895974614,40
,,2201.37289091464,30
,,2202.55640157199,37
,,2203.73949187063,24.5
,,2204.92216196292,17.5
,,2206.10441200113,34
,,2207.28624213746,-4
,,2208.467652524,38
,,2209.64864331275,29
,,2210.82921465566,53.5
,,2212.00936670456,21
,,2213.18909961119,20.5
,,2214.36841352724,29.5
,,2215.54730860427,45
,,2216.72578499378,52.5
,,2217.90384284718,46
,,2219.08148231579,36.5
,,2220.25870355084,44.5
,,2221.43550670348,28.5
,,2222.61189192478,37.5
,,2223.78785936571,24
,,2224.96340917716,31.5
,,2226.13854150994,28
,,2227.31325651476,42.5
,,2228.48755434226,30
,,2229.66143514298,24.5
,,2230.83489906739,45.5
,,2232.00794626586,36
,,2233.18057688868,62
,,2234.35279108606,43.5
,,2235.52458900812,17.5
,,2236.69597080488,23
,,2237.8669366263,8.5
,,2239.03748662224,28.5
,,2240.20762094248,25
,,2241.3773397367,48
,,2242.54664315453,18
,,2243.71553134547,21
,,2244.88400445897,10
,,2246.05206264437,51
,,2247.21970605095,49
,,2248.38693482788,32.5
,,2249.55374912427,32.5
,,2250.72014908912,31
,,2251.88613487137,9.5
,,2253.05170661985,34
,,2254.21686448332,28
,,2255.38160861046,50.5
,,2256.54593914986,30.5
,,2257.70985625002,41
,,2258.87336005936,30.5
,,2260.03645072622,25
,,2261.19912839884,31
,,2262.3613932254,33.5
,,2263.52324535398,37.5
,,2264.68468493257,22.5
,,2265.8457121091,29.5
,,2267.00632703138,24
,,2268.16652984718,21
,,2269.32632070414,32.5
,,2270.48569974985,35.5
,,2271.64466713181,18.5
,,2272.80322299741,32.5
,,2273.96136749401,30.5
,,2275.11910076882,43
,,2276.27642296902,16.5
,,2277.43333424168,10
,,2278.5898347338,41
,,2279.74592459227,30
,,2280.90160396393,16
,,2282.05687299552,51
,,2283.2117318337,39
,,2284.36618062504,16.5
,,2285.52021951604,53.5
,,2286.67384865311,26.5
,,2287.82706818257,59
,,2288.97987825066,41.5
,,2290.13227900354,56
,,2291.2842705873,57
,,2292.43585314792,42.5
,,2293.58702683132,33
,,2294.73779178332,65.5
,,2295.88814814967,54.5
,,2297.03809607604,21
,,2298.18763570799,24.5
,,2299.33676719104,34
,,2300.48549067059,58
,,2301.63380629198,42
,,2302.78171420046,33.5
,,2303.92921454119,27
,,2305.07630745926,25.5
,,2306.22299309967,17.5
,,2307.36927160734,22
,,2308.51514312712,30
,,2309.66060780375,12.5
,,2310.80566578191,16.5
,,2311.9503172062,24.5
,,2313.09456222111,28.5
,,2314.23840097109,46
,,2315.38183360048,36
,,2316.52486025354,34.5
,,2317.66748107445,56.5
,,2318.80969620732,40.5
,,2319.95150579615,6
,,2321.0929099849,46
,,2322.23390891741,22.5
,,2323.37450273747,17.5
,,2324.51469158875,35
,,2325.65447561488,11.5
,,2326.79385495939,14
,,2327.93282976571,21.5
,,2329.07140017722,67.5
,,2330.20956633721,20
,,2331.34732838888,55.5
,,2332.48468647535,22.5
,,2333.62164073966,19.5
,,2334.75819132478,22
,,2335.89433837358,13
,,2337.03008202888,23
,,2338.16542243337,17
,,2339.30035972971,30
,,2340.43489406045,24.5
,,2341.56902556805,24.5
,,2342.70275439493,45
,,2343.8360806834,17
,,2344.96900457568,37.5
,,2346.10152621393,6.5
,,2347.23364574023,26
,,2348.36536329656,18
,,2349.49667902484,19.5
,,2350.62759306691,45.5
,,2351.75810556451,7
,,2352.88821665931,7
,,2354.0179264929,12.5
,,2355.1472352068,13
,,2356.27614294243,32
,,2357.40464984115,21.5
,,2358.53275604423,36
,,2359.66046169286,40
,,2360.78776692814,33
,,2361.91467189112,12
,,2363.04117672273,45
,,2364.16728156386,41.5
,,2365.29298655529,10.5
,,2366.41829183773,19.5
,,2367.54319755182,5.5
,,2368.66770383811,9.5
,,2369.79181083707,41.5
,,2370.9155186891,38.5
,,2372.0388275345,31.5
,,2373.16173751353,28
,,2374.28424876633,20
,,2375.40636143297,36
,,2376.52807565346,31
,,2377.64939156771,12.5
,,2378.77030931556,11
,,2379.89082903677,10.5
,,2381.01095087103,22
,,2382.13067495792,33
,,2383.25000143699,31
,,2384.36893044765,35.5
,,2385.4874621293,48.5
,,2386.6055966212,15
,,2387.72333406257,42.5
,,2388.84067459254,47.5
,,2389.95761835016,28.5
,,2391.07416547439,32
,,2392.19031610413,31.5
,,2393.3060703782,26
,,2394.42142843532,7.5
,,2395.53639041417,40.5
,,2396.65095645331,37.5
,,2397.76512669125,30
,,2398.87890126641,45.5
,,2399.99228031713,31.5
,,2401.10526398169,39
,,2402.21785239826,26
,,2403.33004570496,26
,,2404.44184403983,19
,,2405.5532475408,23
,,2406.66425634577,30
,,2407.77487059253,24.5
,,2408.88509041879,12
,,2409.99491596221,20
,,2411.10434736034,22.5
,,2412.21338475068,20
,,2413.32202827062,19.5
,,2414.43027805751,33
,,2415.5381342486,-10.5
,,2416.64559698106,2
,,2417.752666392,2
,,2418.85934261843,15.5
,,2419.96562579731,-9
,,2421.07151606549,9
,,2422.17701355976,12.5
,,2423.28211841685,7
,,2424.38683077338,29
,,2425.49115076591,14
,,2426.59507853093,9.5
,,2427.69861420484,26
,,2428.80175792396,27.5
,,2429.90450982455,23.5
,,2431.00687004278,4
,,2432.10883871475,34
,,2433.21041597647,22.5
,,2434.31160196388,41
,,2435.41239681287,24.5
,,2436.5128006592,35
,,2437.61281363861,38.5
,,2438.71243588671,35
,,2439.81166753908,67.5
,,2440.9105087312,11
,,2442.00895959847,34.5
,,2443.10702027622,3.5
,,2444.20469089971,20.5
,,2445.30197160412,39
,,2446.39886252455,13
,,2447.49536379601,16
,,2448.59147555347,-0.5
,,2449.6871979318,19
,,2450.78253106578,50.5
,,2451.87747509015,14
,,2452.97203013955,45.5
,,2454.06619634855,12
,,2455.15997385163,15
,,2456.25336278323,15
,,2457.34636327767,29.5
,,2458.43897546923,15.5
,,2459.5311994921,16.5
,,2460.62303548038,48.5
,,2461.71448356813,37.5
,,2462.8055438893,29
,,2463.89621657778,43.5
,,2464.98650176738,45.5
,,2466.07639959184,36
,,2467.16591018483,18.5
,,2468.25503367992,37
,,2469.34377021063,21
,,2470.4321199104,19
,,2471.52008291258,33
,,2472.60765935046,23
,,2473.69484935726,18
,,2474.78165306609,6.5
,,2475.86807061004,35
,,2476.95410212208,-7
,,2478.03974773512,44.5
,,2479.12500758199,20
,,2480.20988179546,31.5
,,2481.29437050822,25
,,2482.37847385287,0
,,2483.46219196196,30.5
,,2484.54552496793,12.5
,,2485.62847300319,21.5
,,2486.71103620004,-5.5
,,2487.79321469071,34.5
,,2488.87500860739,25
,,2489.95641808214,6
,,2491.03744324699,18.5
,,2492.11808423388,31
,,2493.19834117468,9.5
,,2494.27821420117,35
,,2495.35770344508,6
,,2496.43680903804,29
,,2497.51553111163,25
,,2498.59386979734,30.5
,,2499.67182522659,18.5
,,2500.74939753073,10.5
,,2501.82658684103,22.5
,,2502.90339328871,34.5
,,2503.97981700486,20
,,2505.05585812056,23.5
,,2506.13151676677,-2
,,2507.20679307441,22
,,2508.2816871743,-11.5
,,2509.3561991972,24
,,2510.43032927379,-12.5
,,2511.50407753469,23.5
,,2512.57744411043,22.5
,,2513.65042913146,14
,,2514.72303272819,-3
,,2515.79525503093,9
,,2516.86709616992,7.5
,,2517.93855627533,-8.5
,,2519.00963547725,21.5
,,2520.08033390571,23
,,2521.15065169066,4.5
,,2522.22058896198,34
,,2523.29014584947,-2.5
,,2524.35932248286,59
,,2525.42811899181,28.5
,,2526.49653550589,33.5
,,2527.56457215464,41
,,2528.63222906748,12
,,2529.69950637378,43.5
,,2530.76640420283,19.5
,,2531.83292268386,49.5
,,2532.89906194601,20.5
,,2533.96482211835,37
,,2535.03020332991,-4
,,2536.09520570959,15.5
,,2537.15982938626,18
,,2538.22407448871,31
,,2539.28794114564,12.5
,,2540.3514294857,26
,,2541.41453963746,28.5
,,2542.47727172942,30.5
,,2543.53962588999,16.5
,,2544.60160224753,13.5
,,2545.66320093032,14
,,2546.72442206656,4.5
,,2547.7852657844,-8
,,2548.84573221189,15
,,2549.90582147702,25
,,2550.96553370772,21.5
,,2552.02486903183,22
,,2553.08382757713,20
,,2554.14240947133,26
,,2555.20061484204,28
,,2556.25844381685,32.5
,,2557.31589652322,28.5
,,2558.37297308858,8.5
,,2559.42967364028,4.5
,,2560.48599830559,33.5
,,2561.54194721171,23.5
,,2562.59752048577,51
,,2563.65271825483,18.5
,,2564.70754064589,36
,,2565.76198778585,17.5
,,2566.81605980156,9
,,2567.8697568198,6.5
,,2568.92307896727,22
,,2569.9760263706,8.5
,,2571.02859915635,11.5
,,2572.08079745102,21.5
,,2573.13262138101,5.5
,,2574.18407107268,26
,,2575.23514665231,-10.5
,,2576.28584824609,14
,,2577.33617598017,9
,,2578.38612998061,24
,,2579.4357103734,39.5
,,2580.48491728446,1.5
,,2581.53375083965,17.5
,,2582.58221116474,25
,,2583.63029838545,5
,,2584.67801262742,17
,,2585.72535401622,-14
,,2586.77232267734,52
,,2587.81891873621,2
,,2588.86514231819,29.5
,,2589.91099354857,7.5
,,2590.95647255257,9
,,2592.00157945533,42.5
,,2593.04631438193,21
,,2594.09067745737,33.5
,,2595.1346688066,1
,,2596.17828855447,24.5
,,2597.22153682579,-7
,,2598.26441374528,-5
,,2599.30691943759,-5
,,2600.34905402731,0
,,2601.39081763897,-5
,,2602.43221039699,10.5
,,2603.47323242577,10
,,2604.5138838496,5.5
,,2605.55416479273,2.5
,,2606.59407537931,28
,,2607.63361573346,3.5
,,2608.67278597919,9
,,2609.71158624047,3.5
,,2610.75001664118,0
,,2611.78807730514,10.5
,,2612.8257683561,30
,,2613.86308991774,34.5
,,2614.90004211368,14.5
,,2615.93662506745,36
,,2616.97283890253,28
,,2618.00868374232,33.5
,,2619.04415971015,7.5
,,2620.07926692928,19.5
,,2621.11400552292,5
,,2622.14837561419,8.5
,,2623.18237732615,29
,,2624.21601078178,20
,,2625.249276104,30.5
,,2626.28217341567,29
,,2627.31470283956,29.5
,,2628.34686449839,36.5
,,2629.3786585148,23.5
,,2630.41008501137,41
,,2631.4411441106,13.5
,,2632.47183593493,0.5
,,2633.50216060673,14.5
,,2634.53211824829,24
,,2635.56170898186,5.5
,,2636.59093292959,-21
,,2637.61979021358,30
,,2638.64828095585,-1
,,2639.67640527837,25.5
,,2640.70416330301,19.5
,,2641.73155515161,21
,,2642.75858094591,-11
,,2643.7852408076,-18.5
,,2644.81153485829,17.5
,,2645.83746321954,10
,,2646.86302601282,3.5
,,2647.88822335955,20.5
,,2648.91305538106,18.5
,,2649.93752219864,25.5
,,2650.96162393349,23.5
,,2651.98536070675,-0.5
,,2653.0087326395,20.5
,,2654.03173985273,-13.5
,,2655.05438246738,31.5
,,2656.07666060433,5.5
,,2657.09857438437,11.5
,,2658.12012392824,14.5
,,2659.14130935659,4
,,2660.16213079004,4.5
,,2661.1825883491,12
,,2662.20268215424,31.5
,,2663.22241232586,19.5
,,2664.24177898428,-9.5
,,2665.26078224977,-4
,,2666.27942224251,-7
,,2667.29769908263,13
,,2668.3156128902,-24
,,2669.33316378519,8.5
,,2670.35035188754,45.5
,,2671.3671773171,0.5
,,2672.38364019366,26
,,2673.39974063694,23
,,2674.41547876659,29
,,2675.43085470222,8
,,2676.44586856332,18.5
,,2677.46052046937,7.5
,,2678.47481053974,-2
,,2679.48873889377,5.5
,,2680.50230565069,-7.5
,,2681.51551092969,37.5
,,2682.52835484991,7
,,2683.54083753039,16
,,2684.55295909011,28
,,2685.56471964799,37.5
,,2686.5761193229,6.5
,,2687.58715823361,-3
,,2688.59783649885,4
,,2689.60815423727,3.5
,,2690.61811156746,18.5
,,2691.62770860793,16
,,2692.63694547714,28.5
,,2693.64582229349,-2
,,2694.65433917528,-11
,,2695.66249624078,41.5
,,2696.67029360817,-2
,,2697.67773139559,36.5
,,2698.68480972108,-0.5
,,2699.69152870263,25
,,2700.69788845818,-13.5
,,2701.70388910558,1.5
,,2702.70953076262,6.5
,,2703.71481354702,11
,,2704.71973757646,-8.5
,,2705.72430296852,-14.5
,,2706.72850984073,15
,,2707.73235831056,-6.5
,,2708.7358484954,-1
,,2709.73898051259,32
,,2710.74175447939,7.5
,,2711.74417051301,23
,,2712.74622873056,23.5
,,2713.74792924914,24.5
,,2714.74927218573,22
,,2715.75025765728,2.5
,,2716.75088578066,-1.5
,,2717.75115667268,7
,,2718.75107045008,17.5
,,2719.75062722953,12.5
,,2720.74982712766,15
,,2721.74867026099,14.5
,,2722.74715674601,20
,,2723.74528669915,2.5
,,2724.74306023674,1.5
,,2725.74047747508,-7.5
,,2726.73753853039,11
,,2727.73424351881,-17
,,2728.73059255644,4
,,2729.72658575931,23
,,2730.72222324337,3
,,2731.71750512452,3
,,2732.71243151859,7.5
,,2733.70700254134,-14
,,2734.70121830849,22.5
,,2735.69507893565,7.5
,,2736.68858453841,9.5
,,2737.68173523226,10
,,2738.67453113266,-2.5
,,2739.66697235498,34
,,2740.65905901453,30.5
,,2741.65079122656,2.5
,,2742.64216910625,10
,,2743.63319276873,17.5
,,2744.62386232904,-13
,,2745.61417790218,30.5
,,2746.60413960308,17.5
,,2747.59374754659,31.5
,,2748.58300184752,6.5
,,2749.57190262059,29.5
,,2750.56044998048,-18
,,2751.54864404179,-11.5
,,2752.53648491906,28
,,2753.52397272677,8.5
,,2754.51110757933,13.5
,,2755.49788959109,17
,,2756.48431887634,3.5
,,2757.47039554929,21.5
,,2758.4561197241,10
,,2759.44149151487,-10.5
,,2760.42651103562,-12
,,2761.41117840032,17.5
,,2762.39549372287,12.5
,,2763.37945711711,18
,,2764.36306869681,14
,,2765.34632857569,-1.5
,,2766.32923686738,15.5
,,2767.31179368548,17
,,2768.29399914351,35
,,2769.27585335491,20.5
,,2770.25735643308,16
,,2771.23850849135,24
,,2772.219309643,22
,,2773.19976000121,1.5
,,2774.17985967913,12
,,2775.15960878984,25.5
,,2776.13900744635,6
,,2777.1180557616,4.5
,,2778.09675384848,26
,,2779.07510181983,21.5
,,2780.05309978839,30
,,2781.03074786686,7.5
,,2782.00804616788,-12
,,2782.98499480402,1
,,2783.96159388779,10
,,2784.93784353164,2
,,2785.91374384793,-11
,,2786.889294949,-3
,,2787.86449694709,4
,,2788.83934995442,-3.5
,,2789.81385408309,8.5
,,2790.78800944519,27
,,2791.76181615272,13
,,2792.73527431761,5.5
,,2793.70838405176,1
,,2794.68114546698,20.5
,,2795.65355867502,-3
,,2796.62562378758,5.5
,,2797.59734091629,27
,,2798.56871017271,-4.5
,,2799.53973166835,19
,,2800.51040551465,1
,,2801.480731823,-4.5
,,2802.45071070471,25
,,2803.42034227104,35
,,2804.38962663318,20
,,2805.35856390227,32.5
,,2806.32715418937,-11.5
,,2807.29539760549,23.5
,,2808.26329426158,-9
,,2809.23084426852,16
,,2810.19804773713,6.5
,,2811.16490477816,-5.5
,,2812.13141550233,2
,,2813.09758002026,2.5
,,2814.06339844253,-7.5
,,2815.02887087965,-6.5
,,2815.99399744206,-3.5
,,2816.95877824016,18.5
,,2817.92321338428,4.5
,,2818.88730298467,8.5
,,2819.85104715155,3.5
,,2820.81444599505,11.5
,,2821.77749962525,4
,,2822.74020815217,6
,,2823.70257168578,35
,,2824.66459033595,1.5
,,2825.62626421254,28.5
,,2826.5875934253,16
,,2827.54857808396,12
,,2828.50921829815,27.5
,,2829.46951417748,25
,,2830.42946583146,29
,,2831.38907336956,4.5
,,2832.3483369012,58
,,2833.3072565357,16.5
,,2834.26583238235,-23
,,2835.22406455038,17
,,2836.18195314895,20.5
,,2837.13949828714,13.5
,,2838.09670007401,-13
,,2839.05355861854,-1
,,2840.01007402962,26.5
,,2840.96624641613,25.5
,,2841.92207588685,17.5
