raman_shift_cm-1,intensity_norm
400.0,0.6974538703514989
401.0,0.8205043007546801
402.0,0.9317680544659812
403.0,0.9998006439522211
404.0,1.0
405.0,0.9349860863825397
406.0,0.8325378682585541
407.0,0.7240244018989209
408.0,0.6294661038113041
409.0,0.5569776207174688
410.0,0.5077791912403148
411.0,0.4801066023724971
412.0,0.47058139535759846
413.0,0.4735500739833814
414.0,0.47970535537316344
415.0,0.4768555490199892
416.0,0.45554660792432283
417.0,0.4156760985797621
418.0,0.36562623072451655
419.0,0.31502575052365717
420.0,0.2697965769550786
421.0,0.23197246993935922
422.0,0.20137106135802027
423.0,0.17697594240334036
424.0,0.15764574043751975
425.0,0.14238420609485533
426.0,0.13040594974759934
427.0,0.1211263820182769
428.0,0.11413208891384713
429.0,0.10915279353386732
430.0,0.10604148076210122
431.0,0.10476371870082482
432.0,0.10539477003704799
433.0,0.10812033317120795
434.0,0.11323029043777716
435.0,0.1210793155906081
436.0,0.13195631546462833
437.0,0.14575911440912365
438.0,0.1613771056576802
439.0,0.1759705748882766
440.0,0.18510826546533535
441.0,0.18497806439154516
442.0,0.17542608720948982
443.0,0.16010292572501097
444.0,0.14351263745194454
445.0,0.1286554760585967
446.0,0.1167742516966378
447.0,0.10806016884433157
448.0,0.10229544055968619
449.0,0.0992042295750221
450.0,0.09860230927626684
451.0,0.10045190194447912
452.0,0.10488129263558466
453.0,0.11219124805068871
454.0,0.12284269297711092
455.0,0.1373873720950107
456.0,0.15624928256012713
457.0,0.17919455741130222
458.0,0.20435467654092196
459.0,0.22716103283247616
460.0,0.2407622784764659
461.0,0.23964855539539723
462.0,0.22412309890489682
463.0,0.20001352519227986
464.0,0.17402751538037117
465.0,0.15042074078736611
466.0,0.1308119687729849
467.0,0.11528151491682326
468.0,0.10330303910664386
469.0,0.09422983915647641
470.0,0.08748478192204909
471.0,0.08261026960843663
472.0,0.07926499234243091
473.0,0.07720567200436826
474.0,0.0762682298002225
475.0,0.07635288452763626
476.0,0.07741403733859555
477.0,0.07945471169565287
478.0,0.08252520743407639
479.0,0.0867258729566308
480.0,0.09221427847527808
481.0,0.0992175177002668
482.0,0.10805084265609821
483.0,0.11914425773935158
484.0,0.13307876785192477
485.0,0.1506328337768189
486.0,0.1728349779034258
487.0,0.20100486652393548
488.0,0.23673016291459537
489.0,0.28164678224741985
490.0,0.3367418981615738
491.0,0.4007428282084745
492.0,0.46742542032920387
493.0,0.5234475851443282
494.0,0.5514240060061811
495.0,0.5408576957208392
496.0,0.49722783970841394
497.0,0.43713767915599333
498.0,0.37627156351979346
499.0,0.32340627447706194
500.0,0.2814076715115953
501.0,0.250094374340255
502.0,0.22827411449417576
503.0,0.214734544974185
504.0,0.2086229795946101
505.0,0.20955731681999734
506.0,0.21763362015515458
507.0,0.23337134879292312
508.0,0.2575374729417005
509.0,0.29066890984269744
510.0,0.331975535392322
511.0,0.37739564188711416
512.0,0.4176340917680609
513.0,0.43938073310226444
514.0,0.4326970818327661
515.0,0.3991753585691982
516.0,0.350417517202878
517.0,0.2989627604747612
518.0,0.2524385922152223
519.0,0.21357119949180028
520.0,0.18232450489361662
521.0,0.15760870871879742
522.0,0.13814745571187517
523.0,0.12280740780298192
524.0,0.11067871067779403
525.0,0.10106217183765337
526.0,0.09343071162568725
527.0,0.08739012560325042
528.0,0.08264657128113645
529.0,0.07898170176469241
530.0,0.0762343644509652
531.0,0.07428743051461309
532.0,0.0730584993576693
533.0,0.07249351884015463
534.0,0.07256264230116397
535.0,0.07325787586549522
536.0,0.07459225856322266
537.0,0.07660047814381299
538.0,0.07934097422665724
539.0,0.08289973509712495
540.0,0.08739617310224024
541.0,0.09299168484544326
542.0,0.09990178273687421
543.0,0.10841302773466431
544.0,0.11890635875780513
545.0,0.1318886317238959
546.0,0.14803373007126328
547.0,0.16823207689399725
548.0,0.19363920011042438
549.0,0.22569181833892393
550.0,0.2660064639618151
551.0,0.31596498705242965
552.0,0.3756260280744045
553.0,0.44158767882597116
554.0,0.5043349365041834
555.0,0.5482976487668259
556.0,0.5592362051580925
557.0,0.5355137879371742
558.0,0.4898225329455968
559.0,0.43896691754638145
560.0,0.39477694256998075
561.0,0.36270186358143225
562.0,0.3442981816760108
563.0,0.33965146315252437
564.0,0.3486821652688306
565.0,0.3715174745005603
566.0,0.408104361285494
567.0,0.45697948277035083
568.0,0.5132705169528492
569.0,0.5673266092417368
570.0,0.6071058167540372
571.0,0.6245616374639846
572.0,0.6187164651875525
573.0,0.5918132493030407
574.0,0.5471705959812372
575.0,0.491709496428225
576.0,0.4353123432054488
577.0,0.38625296211303906
578.0,0.3485743514811172
579.0,0.32246542031345654
580.0,0.30523373361758843
581.0,0.29191586800775216
582.0,0.2766478136026845
583.0,0.25565947110629256
584.0,0.22952708696919305
585.0,0.20179051827388053
586.0,0.17584231437445338
587.0,0.15342419224015189
588.0,0.13487912036848712
589.0,0.11985267720204418
590.0,0.10778042345983757
591.0,0.09811453397424537
592.0,0.09039979192086976
593.0,0.08428444947764917
594.0,0.07950919505907261
595.0,0.07589221454629648
596.0,0.0733167508398305
597.0,0.0717229720451571
598.0,0.07110435407361128
599.0,0.0715082130175234
600.0,0.07303941457641688
601.0,0.07586458764337389
602.0,0.08020953431192815
603.0,0.08633149926339745
604.0,0.09442611111541659
605.0,0.10440058509284347
606.0,0.11546252767100505
607.0,0.12569654678581543
608.0,0.13231077752784884
609.0,0.13321722042041761
610.0,0.12882525499484535
611.0,0.12177117246895845
612.0,0.11497279550230664
613.0,0.11034034375166746
614.0,0.10874568242532023
615.0,0.11042250094406589
616.0,0.11518439697978584
617.0,0.12232971888324212
618.0,0.13042028650370813
619.0,0.1374827609200325
620.0,0.1421380468948191
621.0,0.14485778103457161
622.0,0.14767844597647428
623.0,0.15256939682385354
624.0,0.16004362560714758
625.0,0.16854899088115385
626.0,0.1747327833309889
627.0,0.1752248316536977
628.0,0.16930539413694393
629.0,0.15956814877930856
630.0,0.14978529620386702
631.0,0.142805665950596
632.0,0.14014777085651015
633.0,0.14252846655124268
634.0,0.15038673619181495
635.0,0.16408135836856716
636.0,0.18368665526977043
637.0,0.20827362455533568
638.0,0.2346636447760718
639.0,0.25645184006096167
640.0,0.265503584850279
641.0,0.25703056597656904
642.0,0.2336366458260366
643.0,0.20291157608169533
644.0,0.17190063197409178
645.0,0.144449834231846
646.0,0.12170875950758486
647.0,0.10343692201589824
648.0,0.08891492690295584
649.0,0.0773763171505474
650.0,0.06816052972103137
651.0,0.06074292548834743
652.0,0.05472107535118426
653.0,0.04979041285597592
654.0,0.0457210547668146
655.0,0.042338987679647784
656.0,0.039511743420694335
657.0,0.03713779413845048
658.0,0.035138790577011206
659.0,0.03345389839399229
660.0,0.03203566029920946
661.0,0.030846963938633065
662.0,0.029858813698214304
663.0,0.029048691836505932
664.0,0.02839935730074272
665.0,0.027897975749727008
666.0,0.02753550693971273
667.0,0.027306299671615394
668.0,0.027207862864277302
669.0,0.027240796197373768
670.0,0.027408876888985956
671.0,0.027719312036781796
672.0,0.028183180029904487
673.0,0.028816101471395166
674.0,0.029639201856453214
675.0,0.030680457554766623
676.0,0.03197655689801647
677.0,0.03357546375059957
678.0,0.03553994673677453
679.0,0.03795243681879885
680.0,0.040921695243951284
681.0,0.04459188476811992
682.0,0.049154642647678146
683.0,0.05486437693258954
684.0,0.06205552087279644
685.0,0.07115610097589364
686.0,0.08268070373378236
687.0,0.09716025573451066
688.0,0.11491806773270553
689.0,0.13555027055016514
690.0,0.15705294327858668
691.0,0.175106001554347
692.0,0.18403855866168442
693.0,0.18036192575039217
694.0,0.1657694585223279
695.0,0.1456183318393706
696.0,0.12500531831306988
697.0,0.10677701987496198
698.0,0.0918312582138935
699.0,0.0800446164666039
700.0,0.07093397527271449
701.0,0.06397417161947001
702.0,0.05871243740236314
703.0,0.05479246691195092
704.0,0.051946021221016256
705.0,0.04997646122733964
706.0,0.04874299378780425
707.0,0.04814808871431935
708.0,0.04812825725605897
709.0,0.0486477282475399
710.0,0.04969449064614177
711.0,0.051278291520668595
712.0,0.05343034464166773
713.0,0.056204675673678144
714.0,0.059681203196642184
715.0,0.06397084285254229
716.0,0.06922314345687788
717.0,0.07563723955418744
718.0,0.08347725069786881
719.0,0.09309366671760802
720.0,0.10495264872913425
721.0,0.11967525486457348
722.0,0.13808751849274895
723.0,0.1612778223757071
724.0,0.190644592594102
725.0,0.22788245213311464
726.0,0.2747745708133984
727.0,0.33250515249187407
728.0,0.40002634350819477
729.0,0.47121959219422277
730.0,0.5323034944342772
731.0,0.5643491872178704
732.0,0.5545334231621125
733.0,0.5069913924788678
734.0,0.4390819422745919
735.0,0.36828869793438884
736.0,0.3047749538853358
737.0,0.25195345054247
738.0,0.2095764307664069
739.0,0.17605302340381282
740.0,0.14959067943849494
741.0,0.12861690265209005
742.0,0.11187469084525266
743.0,0.09839826417218826
744.0,0.0874572437717695
745.0,0.07850143432937423
746.0,0.0711154097573852
747.0,0.06498374797389435
748.0,0.059865239616652695
749.0,0.05557399944953569
750.0,0.05196568023048965
751.0,0.048927393624364594
752.0,0.046370308681633145
753.0,0.044224185421588215
754.0,0.0424333131843619
755.0,0.040953475959518405
756.0,0.039749675313648626
757.0,0.03879441836045037
758.0,0.03806643279487893
759.0,0.037549710062084435
760.0,0.03723280599251485
761.0,0.037108349040257456
762.0,0.03717272197071297
763.0,0.037425895153419556
764.0,0.037871399788512866
765.0,0.0385164384226552
766.0,0.039372138839096515
767.0,0.0404539666431237
768.0,0.04178232247246515
769.0,0.043383362770149494
770.0,0.04529009978641092
771.0,0.047543858713371
772.0,0.05019620009123932
773.0,0.053311457384377564
774.0,0.05697009793958774
775.0,0.06127319757051542
776.0,0.06634843484639447
777.0,0.07235817461902497
778.0,0.07951043926403868
779.0,0.08807388071468988
780.0,0.09839828108342781
781.0,0.11094260786933523
782.0,0.12631311296840259
783.0,0.14531398685270744
784.0,0.16901149841668603
785.0,0.1988063193699069
786.0,0.23649037827277536
787.0,0.28421735573642326
788.0,0.3442083534342324
789.0,0.4178132693866454
790.0,0.5033333667904505
791.0,0.5923633823192983
792.0,0.6667910190404944
793.0,0.7028433419955049
794.0,0.6858921539138018
795.0,0.6230226956864747
796.0,0.5366690882041901
797.0,0.44817010856315864
798.0,0.36943234958939136
799.0,0.3041934462763212
800.0,0.2519082728338624
801.0,0.2105201625723737
802.0,0.1777910513552623
803.0,0.15177993263015688
804.0,0.13094242652334012
805.0,0.11409403237787198
806.0,0.10033917968848693
807.0,0.0890027715212285
808.0,0.07957436992484765
809.0,0.0716656239462966
810.0,0.06497873012482754
811.0,0.0592833372924787
812.0,0.05439967833675201
813.0,0.050186219997012775
814.0,0.04653057291988094
815.0,0.043342755455792484
816.0,0.04055016332630314
817.0,0.03809378286565256
818.0,0.0359253171677707
819.0,0.034004987498403694
820.0,0.032299838143294554
821.0,0.030782419592161072
822.0,0.02942975831549294
823.0,0.028222545355050793
824.0,0.027144493284834755
825.0,0.026181823732509973
826.0,0.025322856927167087
827.0,0.02455768160274111
828.0,0.023877888705067622
829.0,0.02327635619937943
830.0,0.022747075194410906
831.0,0.022285009835076728
832.0,0.021885985147184504
833.0,0.021546598376912897
834.0,0.02126415045348532
835.0,0.021036595090603325
836.0,0.020862503789279948
837.0,0.020741045659045908
838.0,0.020671981576351348
839.0,0.020655672784981954
840.0,0.020693104649524754
841.0,0.020785926937969355
842.0,0.02093651277798898
843.0,0.02114803935802488
844.0,0.021424594599275305
845.0,0.021771315501267537
846.0,0.0221945657882907
847.0,0.022702163030855562
848.0,0.02330366882868261
849.0,0.024010760262035052
850.0,0.024837707132784877
851.0,0.02580198822002231
852.0,0.02692509186387414
853.0,0.028233563098474863
854.0,0.029760383338761555
855.0,0.03154680222218461
856.0,0.033644788738921544
857.0,0.036120335855186494
858.0,0.039057946544867495
859.0,0.04256675709965767
860.0,0.046788919885779545
861.0,0.051911060746833264
862.0,0.05817978522088746
863.0,0.06592213561955602
864.0,0.07557104704597264
865.0,0.08769279159662241
866.0,0.10300470397607145
867.0,0.12234966009184883
868.0,0.14654569350473515
869.0,0.17594538052857595
870.0,0.20947503756711186
871.0,0.24317218996331338
872.0,0.26937962053933107
873.0,0.27922508645461735
874.0,0.26874662697211943
875.0,0.2424038757037154
876.0,0.20916151396932897
877.0,0.17647293353229557
878.0,0.1480806969470367
879.0,0.12493478698735079
880.0,0.10663996299359055
881.0,0.09237822495254949
882.0,0.08132446017413085
883.0,0.07278541410556641
884.0,0.0662213037979887
885.0,0.0612275846823596
886.0,0.05750844571652913
887.0,0.05485298658423157
888.0,0.05311689792235326
889.0,0.052209669533885276
890.0,0.05208664501957184
891.0,0.05274528754818475
892.0,0.054225305415665885
893.0,0.05661261262889337
894.0,0.06004736188387877
895.0,0.06473631425467226
896.0,0.07096916320180606
897.0,0.07913598484081925
898.0,0.08973604924640458
899.0,0.1033510446225011
900.0,0.12051881783711942
901.0,0.14138311063582035
902.0,0.16496391753005576
903.0,0.1881336483303462
904.0,0.2052823210307428
905.0,0.21051036462499054
906.0,0.20196196580286582
907.0,0.18351026020597994
908.0,0.16145192183806245
909.0,0.14060526443600666
910.0,0.12324275573530985
911.0,0.10988406521340764
912.0,0.10026526298129344
913.0,0.09391995718528749
914.0,0.09043633605444153
915.0,0.08954769116950785
916.0,0.0911575132855086
917.0,0.09534702990275751
918.0,0.10238334945063271
919.0,0.11272957919788727
920.0,0.12704160956946361
921.0,0.14610593079950634
922.0,0.1706124166141377
923.0,0.20056381865667602
924.0,0.23410399838580873
925.0,0.2660111808962635
926.0,0.2875664896686391
927.0,0.29044478449485533
928.0,0.2730881503718801
929.0,0.24209937466391343
930.0,0.20670015640670053
931.0,0.1734143091800696
932.0,0.14505021740484872
933.0,0.12202227831901852
934.0,0.10371320743775096
935.0,0.0892414919596953
936.0,0.07777950016915179
937.0,0.06864697950999014
938.0,0.06131486259174886
939.0,0.05538110439566379
940.0,0.05054254550557349
941.0,0.046570547448336844
942.0,0.04329193476369439
943.0,0.04057472305278137
944.0,0.03831763133741309
945.0,0.03644242779644032
946.0,0.03488834674436892
947.0,0.03360800634158949
948.0,0.032564413248052246
949.0,0.031728758574886676
950.0,0.031078795413569334
951.0,0.030597649831603978
952.0,0.030272961349049297
953.0,0.030096280820538387
954.0,0.030062677233053663
955.0,0.030170523041853855
956.0,0.030421442442840323
957.0,0.030820420115175787
958.0,0.03137608094394703
959.0,0.032101165515059614
960.0,0.03301324341088071
961.0,0.034135728567228026
962.0,0.035499290856131745
963.0,0.03714379919465723
964.0,0.03912098845724597
965.0,0.04149812071694242
966.0,0.04436301562514311
967.0,0.047830954150115124
968.0,0.05205409349582129
969.0,0.05723408964669209
970.0,0.06363837288063265
971.0,0.07161933228414774
972.0,0.08163196713741727
973.0,0.09423572722664274
974.0,0.11004301152980615
975.0,0.1295301722448794
976.0,0.15256333241358708
977.0,0.17751357713669078
978.0,0.20027902840058487
979.0,0.2146380672879733
980.0,0.21553432798719907
981.0,0.2032013596507519
982.0,0.18297609802887288
983.0,0.16106558771413168
984.0,0.14145741517866386
985.0,0.12572388989816505
986.0,0.11402873799507984
987.0,0.1059920423270465
988.0,0.10114848802465141
989.0,0.0991345105537244
990.0,0.09974900742835506
991.0,0.10296788384428456
992.0,0.10894576463846611
993.0,0.11801024355954642
994.0,0.13063004587309446
995.0,0.14730303890238522
996.0,0.1682554929639496
997.0,0.19281261131210156
998.0,0.21849751271413392
999.0,0.24068865437779788
1000.0,0.2544599525423177
1001.0,0.2583706161908032
1002.0,0.2559563560106848
1003.0,0.2524969115464214
1004.0,0.25078257545667193
1005.0,0.2494725199718424
1006.0,0.24448297882555797
1007.0,0.23265473413474935
1008.0,0.21477328247148816
1009.0,0.19469747312354346
1010.0,0.17627896465122658
1011.0,0.16170907251540848
1012.0,0.15172507928446985
1013.0,0.14635642285455377
1014.0,0.14546769486722522
1015.0,0.1490140036318707
1016.0,0.1570915052558081
1017.0,0.16980852289590492
1018.0,0.18690558014951833
1019.0,0.20703403645505636
1020.0,0.22692433721315652
1021.0,0.24156076040447277
1022.0,0.24674122993183217
1023.0,0.2425268791328894
1024.0,0.23327532088401687
1025.0,0.2240492526580921
1026.0,0.217628998803197
1027.0,0.21398906647048566
1028.0,0.21144338950291675
1029.0,0.20862223438948146
1030.0,0.20595072197734113
1031.0,0.2052970312591456
1032.0,0.20861139982521335
1033.0,0.21717617250894844
1034.0,0.23170750488197425
1035.0,0.25284765034607715
1036.0,0.28167736575935726
1037.0,0.3197654745092955
1038.0,0.36832907589159686
1039.0,0.42641209041515965
1040.0,0.4881929825827966
1041.0,0.5408622348842078
1042.0,0.5674635901123068
1043.0,0.5574002967229797
1044.0,0.515533191184932
1045.0,0.4578547444540507
1046.0,0.3997871952922962
1047.0,0.3501403309017852
1048.0,0.31195393181753095
1049.0,0.2852472898717176
1050.0,0.2689300758698255
1051.0,0.2615455299313707
1052.0,0.26116772910423663
1053.0,0.2648440851345959
1054.0,0.2683648953001909
1055.0,0.2675724329280125
1056.0,0.2610034062454068
1057.0,0.25091176018892475
1058.0,0.24121329619998005
1059.0,0.2350667454154594
1060.0,0.2342214749093757
1061.0,0.23953180703528104
1062.0,0.2515899771418128
1063.0,0.27111510443149384
1064.0,0.2991096058745677
1065.0,0.33683443810163727
1066.0,0.3856347637111096
1067.0,0.4467138894189649
1068.0,0.520932955869871
1069.0,0.6079886366474072
1070.0,0.7033882011975782
1071.0,0.7934972315922506
1072.0,0.8544833506820085
1073.0,0.8633501225067026
1074.0,0.8162336937376048
1075.0,0.7322861643164381
1076.0,0.6377987559888236
1077.0,0.5510707080623809
1078.0,0.4794462434016136
1079.0,0.4230492353565975
1080.0,0.3791066828814917
1081.0,0.34503578226674425
1082.0,0.31973775598351206
1083.0,0.3032169804730982
1084.0,0.2957865183827416
1085.0,0.2977246509068028
1086.0,0.3091609817189884
1087.0,0.32966523341881254
1088.0,0.3571720789307953
1089.0,0.38636482538318356
1090.0,0.40805977150848965
1091.0,0.4125420474831073
1092.0,0.39644240096111266
1093.0,0.3656418149358739
1094.0,0.3301630609429298
1095.0,0.29786910319280424
1096.0,0.2726422833140844
1097.0,0.2556242038254863
1098.0,0.2467957858182856
1099.0,0.24594933206587902
1100.0,0.253130251579009
1101.0,0.26876823390091337
1102.0,0.2935793831804345
1103.0,0.3281359571759182
1104.0,0.3718221439519563
1105.0,0.42093676418664405
1106.0,0.46667145539324495
1107.0,0.4960289762967158
1108.0,0.4989052957650168
1109.0,0.47657006737465574
1110.0,0.4408514602799419
1111.0,0.40514009926684286
1112.0,0.37799015059741803
1113.0,0.3624554401804208
1114.0,0.3574046485217864
1115.0,0.35832131996820255
1116.0,0.35833215206094376
1117.0,0.35142807090773986
1118.0,0.33669491090976605
1119.0,0.31869028439161734
1120.0,0.3033848021716594
1121.0,0.2944864398644942
1122.0,0.2922646779369797
1123.0,0.2935736594261466
1124.0,0.2927078683200155
1125.0,0.28427888680768437
1126.0,0.26712897586163237
1127.0,0.2449954061668416
1128.0,0.2231528297379866
1129.0,0.20536113677675194
1130.0,0.1933113469647981
1131.0,0.1872883046551647
1132.0,0.18665127999471406
1133.0,0.18972798532537902
1134.0,0.19343999965153233
1135.0,0.19367246230454957
1136.0,0.18731218637747363
1137.0,0.17452459644267385
1138.0,0.15835613438849122
1139.0,0.14220011443303923
1140.0,0.128134266937205
1141.0,0.11690224936430652
1142.0,0.10850568136786487
1143.0,0.10268405380737632
1144.0,0.09916292703269669
1145.0,0.09775462933853345
1146.0,0.09839272048976073
1147.0,0.10114415779143753
1148.0,0.10621677713374796
1149.0,0.11396306495797533
1150.0,0.12486412117422255
1151.0,0.1394481630080485
1152.0,0.15804515785971654
1153.0,0.1802216139559983
1154.0,0.20382449479728984
1155.0,0.2241702925880452
1156.0,0.23503728512241603
1157.0,0.2325086661472424
1158.0,0.21837015701621917
1159.0,0.1985752599958764
1160.0,0.1789259061519214
1161.0,0.16281117183877794
1162.0,0.15151325023569645
1163.0,0.14525045717267684
1164.0,0.14394171575102355
1165.0,0.14758679636269187
1166.0,0.15639684221980676
1167.0,0.17075079734920387
1168.0,0.1909306176159848
1169.0,0.21646854197046858
1170.0,0.24496170221162455
1171.0,0.27080983828893673
1172.0,0.2857822533548483
1173.0,0.28341038848485395
1174.0,0.2642340946324423
1175.0,0.2352745469182961
1176.0,0.20447034598060893
1177.0,0.1768135247815226
1178.0,0.15420224903525634
1179.0,0.1367591204763443
1180.0,0.12393119641660794
1181.0,0.11506438560375011
1182.0,0.10963386891625507
1183.0,0.10731466570306505
1184.0,0.10799214400763851
1185.0,0.11175091384944402
1186.0,0.1188413488041257
1187.0,0.12958551270259458
1188.0,0.14413244778067283
1189.0,0.16192416950848018
1190.0,0.18083180529166407
1191.0,0.19650771738165407
1192.0,0.2034648559501352
1193.0,0.1985810397820032
1194.0,0.1837992186435985
1195.0,0.16440007803906656
1196.0,0.14524015009711766
1197.0,0.12900259226722033
1198.0,0.11657671910262515
1199.0,0.10795989185289433
1200.0,0.10288407734197794
1201.0,0.1011149532928564
1202.0,0.10254998566283147
1203.0,0.10719295087984097
1204.0,0.1149984650188169
1205.0,0.12551386698487493
1206.0,0.13728223465450154
1207.0,0.14733235732889122
1208.0,0.151764303769157
1209.0,0.14807858989555378
1210.0,0.13725340977770747
1211.0,0.12281917976454727
1212.0,0.10821542271378544
1213.0,0.09539146033188828
1214.0,0.08497667069796969
1215.0,0.07690397128227629
1216.0,0.07086331803985711
1217.0,0.06652258543175178
1218.0,0.0636096440451084
1219.0,0.061932912044542654
1220.0,0.06138037752510148
1221.0,0.06191372950920061
1222.0,0.06356238133327276
1223.0,0.06641493614789346
1224.0,0.07059739861448469
1225.0,0.07621389455800268
1226.0,0.08320899167240177
1227.0,0.09112252219611985
1228.0,0.09884317590674233
1229.0,0.10476973577511409
1230.0,0.10776248622551024
1231.0,0.10819654248130985
1232.0,0.10778216115961475
1233.0,0.10842362555800603
1234.0,0.11149228506354619
1235.0,0.11784508311755809
1236.0,0.12809388706642705
1237.0,0.1427523001459344
1238.0,0.16210737267819195
1239.0,0.18569214093814315
1240.0,0.21130501225260054
1241.0,0.23410428207259204
1242.0,0.24748812610081164
1243.0,0.24703470833439997
1244.0,0.2343061844800786
1245.0,0.21555131237006786
1246.0,0.19713498272138258
1247.0,0.18295235976880178
1248.0,0.17465480950584836
1249.0,0.17276161897339176
1250.0,0.17749336393825088
1251.0,0.1891524551561385
1252.0,0.20812809425501214
1253.0,0.2344912574278094
1254.0,0.2669937888720231
1255.0,0.3014421042072557
1256.0,0.32952107292534166
1257.0,0.3409208611222051
1258.0,0.3299362453323175
1259.0,0.3003328632587451
1260.0,0.26191179807823356
1261.0,0.22350710967872336
1262.0,0.18984075490218394
1263.0,0.16227596856133408
1264.0,0.1404771303191142
1265.0,0.12353934654956451
1266.0,0.11051719839167487
1267.0,0.10061011184097345
1268.0,0.09319817385401427
1269.0,0.08782575112743615
1270.0,0.08417347810185183
1271.0,0.08203317652748686
1272.0,0.08128990417654726
1273.0,0.08191174669396047
1274.0,0.0839470391083029
1275.0,0.08752862887451313
1276.0,0.09288463219929763
1277.0,0.10035393826072393
1278.0,0.11040071326982809
1279.0,0.12361180558152278
1280.0,0.1406388637648728
1281.0,0.16201282612279785
1282.0,0.18774766137351548
1283.0,0.21678475265143454
1284.0,0.24668595960672596
1285.0,0.2739834603469419
1286.0,0.2945197718090491
1287.0,0.3033061923195412
1288.0,0.296241256856171
1289.0,0.2740406395587639
1290.0,0.24288281375141815
1291.0,0.21015436059006268
1292.0,0.18071559904592346
1293.0,0.15645857982081693
1294.0,0.13747857104420938
1295.0,0.1231578249579364
1296.0,0.11275334735027757
1297.0,0.10563447945669942
1298.0,0.10135129636473707
1299.0,0.09963656396204913
1300.0,0.10038216140214036
1301.0,0.10359256012712013
1302.0,0.10928817996693994
1303.0,0.11730770334494543
1304.0,0.12698596875098553
1305.0,0.1368881107818805
1306.0,0.14515399737220666
1307.0,0.15078806867049152
1308.0,0.15475495887434
1309.0,0.1593320364108231
1310.0,0.16635764512718823
1311.0,0.17589875973228286
1312.0,0.18566804154840727
1313.0,0.1914729378997435
1314.0,0.18952331470874056
1315.0,0.17944582382918636
1316.0,0.16453262990375794
1317.0,0.14898182311654823
1318.0,0.13563113009204814
1319.0,0.12567741822644704
1320.0,0.11930859216105748
1321.0,0.11624480829732521
1322.0,0.11593520485915661
1323.0,0.11750793036119063
1324.0,0.11974912501327736
1325.0,0.1214981442141951
1326.0,0.12242042759485802
1327.0,0.12331086387059538
1328.0,0.12549530848697227
1329.0,0.13009333625006705
1330.0,0.13771893651371608
1331.0,0.14837549871686498
1332.0,0.1611929749833905
1333.0,0.17410206639519774
1334.0,0.18419201114693612
1335.0,0.18943917668381438
1336.0,0.19055491721289167
1337.0,0.19061217301431094
1338.0,0.19300503628921786
1339.0,0.20016150100041766
1340.0,0.2135209177720196
1341.0,0.2338316504342692
1342.0,0.261027112356235
1343.0,0.2933994668352056
1344.0,0.3263473457423371
1345.0,0.35225479635347495
1346.0,0.36389629061685286
1347.0,0.3601173819876679
1348.0,0.3472075324521062
1349.0,0.3340807590540824
1350.0,0.3275557708111923
1351.0,0.33142806693159194
1352.0,0.34758699655276004
1353.0,0.3770032345086342
1354.0,0.41981539503889315
1355.0,0.4744953124480284
1356.0,0.5365149324786446
1357.0,0.5973038195357662
1358.0,0.6441645204801729
1359.0,0.6628702841725398
1360.0,0.6456212459480988
1361.0,0.5986775541013959
1362.0,0.5385940674541895
1363.0,0.4811899338342239
1364.0,0.4355352862755645
1365.0,0.4045443988779242
1366.0,0.38729829780601543
1367.0,0.38041152888611
1368.0,0.3788248068166958
1369.0,0.37754691983212685
1370.0,0.3741137260351026
1371.0,0.36883990884667917
1372.0,0.36245560981378605
1373.0,0.3550932204509586
1374.0,0.34789567584574327
1375.0,0.34371269927044484
1376.0,0.34515922846004277
1377.0,0.3522590759045328
1378.0,0.36160211174717183
1379.0,0.3678997601843249
1380.0,0.36802114110779444
1381.0,0.3641559599449704
1382.0,0.36224090496722505
1383.0,0.3678099929437093
1384.0,0.3833153114524974
1385.0,0.4069559590444649
1386.0,0.43175461599532705
1387.0,0.44626686880866623
1388.0,0.4400160702785021
1389.0,0.41132709055103983
1390.0,0.36841234754198465
1391.0,0.3222669582133835
1392.0,0.2804268835963619
1393.0,0.24600722780161718
1394.0,0.21938299461152222
1395.0,0.19981854111557218
1396.0,0.1863696944913499
1397.0,0.17826104064248308
1398.0,0.17500963494354546
1399.0,0.1764536846465696
1400.0,0.18275548334013655
1401.0,0.19439611617143543
1402.0,0.21214047576446957
1403.0,0.23689812575215807
1404.0,0.2693187745460329
1405.0,0.3088745348327214
1406.0,0.35233371775116573
1407.0,0.39244982239457016
1408.0,0.4191158647855383
1409.0,0.42409374846265263
1410.0,0.40567217575659037
1411.0,0.36916904740897855
1412.0,0.32379999207138566
1413.0,0.27824922353785575
1414.0,0.23780633837220352
1415.0,0.20434714433401
1416.0,0.17771665184100466
1417.0,0.15696290213497513
1418.0,0.1410077530013942
1419.0,0.12891294864026007
1420.0,0.11994822583972907
1421.0,0.11358399276820133
1422.0,0.10946426487669615
1423.0,0.10738120237383852
1424.0,0.10725769351243349
1425.0,0.10913798914645609
1426.0,0.11318184326546588
1427.0,0.11964996885247409
1428.0,0.12885202717183372
1429.0,0.14099735649118972
1430.0,0.15585561841752388
1431.0,0.1721905419419552
1432.0,0.18730225687577312
1433.0,0.19767488151626317
1434.0,0.20130019466967836
1435.0,0.19964386794199376
1436.0,0.19666412952457313
1437.0,0.1962680574485731
1438.0,0.20100110212539168
1439.0,0.2121240911482554
1440.0,0.22985791701416744
1441.0,0.25303485164315453
1442.0,0.2781381448730525
1443.0,0.2987884414058209
1444.0,0.30785727751369607
1445.0,0.30238638694572534
1446.0,0.28621367535222036
1447.0,0.26670221251059334
1448.0,0.25001500139999205
1449.0,0.23950094233905952
1450.0,0.23650596721889056
1451.0,0.24156707161080443
1452.0,0.25518343399826693
1453.0,0.2781657983211795
1454.0,0.31167231884452734
1455.0,0.3568772786952189
1456.0,0.41398515641215927
1457.0,0.48017864787900216
1458.0,0.5467380995216347
1459.0,0.5980613049370912
1460.0,0.6177280034392612
1461.0,0.6006496525674857
1462.0,0.5580080568998503
1463.0,0.508181381718516
1464.0,0.46574285691681633
1465.0,0.4382854371454443
1466.0,0.4283862463444814
1467.0,0.4357229741697445
1468.0,0.4573744375063482
1469.0,0.48644868455182977
1470.0,0.5109368048232209
1471.0,0.5165287247510513
1472.0,0.494607716920447
1473.0,0.4483869591579242
1474.0,0.389647133100064
1475.0,0.33024960716332585
1476.0,0.27719431564917063
1477.0,0.23281384432405647
1478.0,0.1968223797551565
1479.0,0.16795339327448647
1480.0,0.14479608403262126
1481.0,0.1261112818881147
1482.0,0.11090406915211519
1483.0,0.09840549863115651
1484.0,0.08802994341431948
1485.0,0.07933268813773289
1486.0,0.07197490538908179
1487.0,0.06569673732231308
1488.0,0.06029724059095364
1489.0,0.05561962937998269
1490.0,0.05154044737312822
1491.0,0.04796160308981468
1492.0,0.04480447974426271
1493.0,0.04200554870297004
1494.0,0.03951307711230615
1495.0,0.03728463663632042
1496.0,0.03528520306505011
1497.0,0.03348569526640204
1498.0,0.031861843617839385
1499.0,0.03039330773655511
1500.0,0.029062984599885284
1501.0,0.027856463507079765
1502.0,0.02676159552023505
1503.0,0.025768153253984422
1504.0,0.024867563017470888
1505.0,0.02405269595735634
1506.0,0.023317708446721545
1507.0,0.022657924836435254
1508.0,0.02206975808192439
1509.0,0.02155066588154129
1510.0,0.021099141991509737
1511.0,0.020714744492030222
1512.0,0.020398165161962953
1513.0,0.020151347008562127
1514.0,0.01997766069709129
1515.0,0.019882155545482155
1516.0,0.019871907467490107
1517.0,0.019956495575163123
1518.0,0.020148652223970977
1519.0,0.020465149656424885
1520.0,0.02092801208801276
1521.0,0.021566177382295843
1522.0,0.022417779110129744
1523.0,0.02353327621617007
1524.0,0.02497971122653547
1525.0,0.02684638539153397
1526.0,0.029252075022820533
1527.0,0.03235324753659791
1528.0,0.036350756253112355
1529.0,0.04148736720163657
1530.0,0.04801670881325981
1531.0,0.05610192777778608
1532.0,0.06557707087549595
1533.0,0.07553746243174213
1534.0,0.08397956769417679
1535.0,0.08819740222906323
1536.0,0.08641990800179936
1537.0,0.07931838128905018
1538.0,0.06940099689144572
1539.0,0.059139723516014535
1540.0,0.04994962951610387
1541.0,0.042294295420148974
1542.0,0.03612785011411798
1543.0,0.03122013727262368
1544.0,0.02731532679079934
1545.0,0.024189941643322523
1546.0,0.02166560649275069
1547.0,0.0196053033511784
1548.0,0.017905356310293993
1549.0,0.016487578497448543
1550.0,0.015292834232326667
1551.0,0.014276116978661896
1552.0,0.013402899008595206
1553.0,0.012646457330845434
1554.0,0.011985920490822819
1555.0,0.011404838689352095
1556.0,0.010890131576791941
1557.0,0.010431308674334092
1558.0,0.010019887326826208
1559.0,0.00964895460187374
1560.0,0.009312834812893168
1561.0,0.009006835131351084
1562.0,0.008727049383640391
1563.0,0.008470205544204521
1564.0,0.008233546301267214
1565.0,0.00801473484654125
1566.0,0.007811780046505793
1567.0,0.0076229766136373155
1568.0,0.0074468569673792695
1569.0,0.007282152266157189
1570.0,0.007127760680704666
1571.0,0.00698272142028972
1572.0,0.0068461933564005675
1573.0,0.006717437341345102
1574.0,0.006595801512537899
1575.0,0.006480709021950334
1576.0,0.006371647745271174
1577.0,0.006268161614890662
1578.0,0.006169843290924974
1579.0,0.006076327939665494
1580.0,0.005987287932476856
1581.0,0.005902428312861216
1582.0,0.00582148290712097
1583.0,0.005744210976294939
1584.0,0.00567039432497444
1585.0,0.005599834797123976
1586.0,0.005532352100835126
1587.0,0.00546778191357791
1588.0,0.005405974227410321
1589.0,0.005346791900102018
1590.0,0.00529010938349059
1591.0,0.00523581160483142
1592.0,0.005183792980595241
1593.0,0.005133956545247841
1594.0,0.005086213180123673
1595.0,0.005040480929668374
1596.0,0.00499668439414654
1597.0,0.004954754189448765
1598.0,0.004914626465934402
1599.0,0.004876242479352295
1600.0,0.00483954820782361
1601.0,0.004804494009675111
1602.0,0.004771034317599926
1603.0,0.004739127365214054
1604.0,0.0047087349425860014
1605.0,0.004679822177756305
1606.0,0.00465235734164426
1607.0,0.004626311674069372
1608.0,0.004601659228902765
1609.0,0.004578376736615009
1610.0,0.004556443482707015
1611.0,0.004535841200704357
1612.0,0.0045165539785663724
1613.0,0.004498568177513017
1614.0,0.004481872362407521
1615.0,0.004466457242953862
1616.0,0.004452315625076892
1617.0,0.004439442371951828
1618.0,0.00442783437423975
1619.0,0.004417490529168817
1620.0,0.0044084117281777985
1621.0,0.004400600852910665
1622.0,0.004394062779419327
1623.0,0.004388804390496995
1624.0,0.004384834596127972
1625.0,0.00438216436210189
1626.0,0.004380806746901933
1627.0,0.004380776947038614
1628.0,0.004382092351063525
1629.0,0.004384772602562199
1630.0,0.00438883967249237
1631.0,0.004394317941304452
1632.0,0.0044012342913556084
1633.0,0.004409618210208476
1634.0,0.004419501905491164
1635.0,0.004430920432087798
1636.0,0.004443911832529691
1637.0,0.004458517291567481
1638.0,0.004474781306025743
1639.0,0.004492751871175271
1640.0,0.0045124806850061734
1641.0,0.004534023371949336
1642.0,0.004557439727776897
1643.0,0.004582793987616874
1644.0,0.004610155119246058
1645.0,0.0046395971440822545
1646.0,0.004671199488585929
1647.0,0.004705047369107002
1648.0,0.004741232213580332
1649.0,0.00477985212388954
1650.0,0.004821012383190559
1651.0,0.004864826013022095
1652.0,0.004911414385639813
1653.0,0.004960907897706176
1654.0,0.005013446712261765
1655.0,0.005069181576812513
1656.0,0.005128274726409168
1657.0,0.005190900881792291
1658.0,0.005257248354054229
1659.0,0.005327520268859241
1660.0,0.0054019359251008875
1661.0,0.005480732305005023
1662.0,0.005564165755159097
1663.0,0.0056525138608255416
1664.0,0.005746077539253145
1665.0,0.00584518338162426
1666.0,0.005950186277875234
1667.0,0.006061472364032234
1668.0,0.0061794623380724565
1669.0,0.006304615197843167
1670.0,0.006437432463482381
1671.0,0.006578462957371582
1672.0,0.006728308227265154
1673.0,0.006887628713317003
1674.0,0.007057150777799733
1675.0,0.007237674738052473
1676.0,0.007430084069431941
1677.0,0.007635355976818402
1678.0,0.007854573571851523
1679.0,0.008088939940191383
1680.0,0.008339794440808653
1681.0,0.008608631650267656
1682.0,0.008897123452582556
1683.0,0.009207144883875928
1684.0,0.009540804476402218
1685.0,0.009900480015851944
1686.0,0.010288860838798512
1687.0,0.010708998066248327
1688.0,0.011164364511079236
1689.0,0.011658926433696547
1690.0,0.012197229880867088
1691.0,0.012784505066860269
1692.0,0.013426793197067499
1693.0,0.014131101364763723
1694.0,0.014905592771031434
1695.0,0.015759821663179418
1696.0,0.016705025248587663
1697.0,0.017754488684828047
1698.0,0.018924004447452215
1699.0,0.020232454463985552
1700.0,0.02170255313120218
1701.0,0.02336180278297638
1702.0,0.025243731899712955
1703.0,0.027389512579927763
1704.0,0.02985009073498658
1705.0,0.032689014685216664
1706.0,0.03598622171975249
1707.0,0.03984314635455624
1708.0,0.044389659240287406
1709.0,0.04979354295922002
1710.0,0.056273464556897544
1711.0,0.06411669105649648
1712.0,0.07370300506154567
1713.0,0.08553607229699688
1714.0,0.10028195257971759
1715.0,0.11880912763110038
1716.0,0.14220961441919824
1717.0,0.17174420148792172
1718.0,0.2085762736047212
1719.0,0.2530293311682735
1720.0,0.3030353125649014
1721.0,0.35194590928597036
1722.0,0.3877858195473372
1723.0,0.39788022675734436
1724.0,0.37811266356735596
1725.0,0.3366220538631368
1726.0,0.2868001188031165
1727.0,0.23890836563666148
1728.0,0.19773641864919209
1729.0,0.16427325437040838
1730.0,0.13777393458587003
1731.0,0.11699522511710161
1732.0,0.10072990057788214
1733.0,0.08797521045062495
1734.0,0.07795069731289998
1735.0,0.07006680130469495
1736.0,0.06388462291742794
1737.0,0.05908037297095348
1738.0,0.05541760460260413
1739.0,0.05272678634108934
1740.0,0.05089089377770335
1741.0,0.04983573961430737
1742.0,0.04952407090675173
1743.0,0.049952812614608065
1744.0,0.05115316804199635
1745.0,0.053193598430573294
1746.0,0.05618601042126556
1747.0,0.06029578660046272
1748.0,0.06575656307590194
1749.0,0.07289073030354695
1750.0,0.08213603591336592
1751.0,0.09407614453118338
1752.0,0.10946546177533412
1753.0,0.1292189674929498
1754.0,0.15429293265052743
1755.0,0.18529742768713264
1756.0,0.2215858947315959
1757.0,0.25969623641025213
1758.0,0.29199053953995874
1759.0,0.3081879272101037
1760.0,0.3016046779390212
1761.0,0.2748473453280589
1762.0,0.23746101209807025
1763.0,0.19881459916389577
1764.0,0.16425530157318646
1765.0,0.13552602503839106
1766.0,0.11244455630888255
1767.0,0.09413429942303711
1768.0,0.07962349142190454
1769.0,0.06806399400533389
1770.0,0.058779070267488256
1771.0,0.05124895596522764
1772.0,0.045080379455201804
1773.0,0.03997675346010638
1774.0,0.035713753815503034
1775.0,0.03212065269021533
1776.0,0.029066475717101734
1777.0,0.02644986112148827
1778.0,0.024191652059540186
1779.0,0.022229473090175863
1780.0,0.020513738632157493
1781.0,0.01900469518214572
1782.0,0.017670212615215397
1783.0,0.01648412142442106
1784.0,0.015424950608574928
1785.0,0.014474961807257441
1786.0,0.013619404205376363
1787.0,0.012845935261475521
1788.0,0.01214416696578396
1789.0,0.011505307855357689
1790.0,0.010921878620867104
1791.0,0.010387484679210673
1792.0,0.009896633149540836
1793.0,0.009444584672569343
1794.0,0.009027232747244419
1795.0,0.00864100493327852
1796.0,0.0082827815314669
1797.0,0.00794982831349222
1798.0,0.007639740606681465
1799.0,0.007350396603688213
1800.0,0.007079918203984661
