raman_shift (cm-1),normalized_intensity
200.839100642937,0.0
202.752477416265,0.007448173249408984
204.665128695269,0.011202535788704815
206.577054818363,0.009332169537792855
208.488256123717,0.0038725871964100296
210.398732949297,0.0
212.308485632848,0.0
214.217514511893,0.0
216.125819923733,0.0
218.033402205458,0.0
219.940261693931,0.030889004546772514
221.8463987258,0.10226193020171677
223.751813637493,0.20794785018410877
225.656506765223,0.3396011584968754
227.560478444981,0.4874871368626942
229.463729012537,0.5990018447189843
231.366258803453,0.6607265158261701
233.268068153067,0.6449745632029144
235.169157396496,0.5920791894904067
237.069526868645,0.49785162982015363
238.9691769042,0.3879786664071404
240.868107837636,0.2932555761587592
242.766320003197,0.2199724686800028
244.66381373492,0.1788384926620974
246.560589366629,0.16986744631787137
248.456647231922,0.17602209648684178
250.351987664188,0.18665636576877173
252.246610996595,0.202579939185503
254.140517562102,0.23087029370101253
256.033707693441,0.23194019954972606
257.926181723144,0.22648255275739868
259.817939983512,0.21438258204320176
261.708982806638,0.18964128842648695
263.599310524403,0.1541751071062505
265.488923468469,0.11757087554914171
267.377821970284,0.10189020089639085
269.26600636108,0.08411173127030916
271.153476971878,0.10584741609393011
273.040234133483,0.15100275350119793
274.926278176486,0.2294737748934386
276.811609431265,0.3411861318950112
278.69622822798,0.4463327050001181
280.580134896583,0.5167378694097169
282.463329766813,0.5650115067884407
284.345813168189,0.5895058256394653
286.227585430024,0.5961403157651931
288.108646881416,0.5557657626325743
289.988997851247,0.5066815641861975
291.868638668191,0.4564867890514474
293.747569660709,0.4204373572787955
295.625791157048,0.37898412108678325
297.503303485239,0.32978437423294554
299.380106973114,0.28369681136527125
301.256201948281,0.2534508049494306
303.131588738137,0.256013949015165
305.006267669878,0.27767212732001095
306.880239070475,0.29967362901990185
308.753503266698,0.34891070701499555
310.626060585104,0.42342574258376486
312.49791135204,0.508436489311677
314.369055893634,0.5756398300046395
316.239494535816,0.6108110895268668
318.109227604295,0.6058480150470041
319.978255424579,0.5540120357532816
321.846578321964,0.504848073795215
323.714196621529,0.44350933903286294
325.581110648151,0.3966510562812896
327.447320726491,0.3879795439095676
329.312827181013,0.39782999427805316
331.177630335957,0.42506892010925074
333.041730515366,0.4344387987636061
334.905128043067,0.39272345501491845
336.767823242679,0.3315900857459239
338.629816437613,0.2670151983936093
340.491107951078,0.20834919945674613
342.351698106067,0.1549383062095329
344.211587225367,0.11829087010449425
346.070775631559,0.09952069945179348
347.929263647009,0.08393940766610687
349.787051593894,0.13281925790789217
351.644139794162,0.09028134206994207
353.500528569564,0.05311774827065049
355.356218241648,0.07625178352743889
357.211209131747,0.1471411785311071
359.065501560986,0.267148090340466
360.919095850299,0.4158925067357475
362.771992320395,0.5558723998155516
364.624191291785,0.6704862882792867
366.475693084774,0.7237782985201101
368.326498019464,0.7436332418751095
370.176606415744,0.6109726819690953
372.026018593304,0.49694190466352867
373.874734871624,0.39617857199110085
375.722755569981,0.30553574511932013
377.570081007447,0.2705995602667304
379.416711502885,0.2555540101362176
381.262647374964,0.2295479640012419
383.107888942135,0.20295687857182787
384.952436522655,0.16383608986595766
386.79629043457,0.12153017702914172
388.639450995721,0.06886838519865035
390.481918523754,0.027328691827206725
392.323693336104,0.0
394.164775750001,0.0
396.005166082479,0.0
397.844864650357,0.0
399.683871770265,0.0
401.522187758617,0.0
403.359812931632,0.0
405.196747605327,0.0
407.032992095506,0.0
408.868546717782,0.0
410.703411787561,0.0
412.537587620049,0.0
414.371074530249,0.0
416.203872832957,0.0
418.035982842777,0.002144352920227686
419.867404874105,0.015443658617520834
421.698139241136,0.024788667938804194
423.528186257867,0.02273924776762201
425.357546238092,0.02628772564350246
427.186219495403,0.027029035183573122
429.014206343187,0.01279640707613508
430.841507094647,0.01601763768848975
432.668122062767,0.0
434.494051560343,0.0
436.319295899961,0.0
438.14385539401,0.0
439.967730354691,0.0
441.790921093985,0.0
443.613427923692,0.0
445.435251155401,0.0
447.256391100504,0.024184301324832316
449.076848070199,0.09994810303825263
450.89662237548,0.21019123159296352
452.715714327145,0.3475778565811958
454.534124235792,0.4897303950527942
456.351852411821,0.5827682567061067
458.16889916543,0.6245941725694727
459.985264806626,0.5811042548899055
461.800949645216,0.4842997611537933
463.615953990806,0.3557518753498858
465.430278152804,0.22073935678283366
467.243922440422,0.11443524870447765
469.056887162678,0.05160205287491106
470.869172628391,0.04297693610902807
472.680779146182,0.0380587422388078
474.491707024468,0.049614189295264344
476.301956571482,0.05707179585238805
478.111528095253,0.08287459458724585
479.920421903618,0.14408668522126594
481.72863830421,0.22429032269022878
483.536177604474,0.3034344790373666
485.343040111651,0.38158289213902763
487.149226132797,0.4234754504032117
488.954735974761,0.43862232126261747
490.759569944203,0.3977810191641064
492.563728347586,0.33690506032397005
494.367211491179,0.2542143156099122
496.170019681054,0.19354388554115767
497.972153223085,0.14631007540086818
499.77361242296,0.09596301873037148
501.574397586164,0.0709749455783665
503.374509017991,0.049018223423344644
505.173947023542,0.03023909058449303
506.972711907716,0.005621184330527978
508.770803975232,0.0
510.568223530603,0.0
512.364970878152,0.009542543578201666
514.161046322009,0.0599239445550372
515.956450166112,0.11950153261723581
517.751182714195,0.1705291814294738
519.545244269821,0.22798889723059665
521.338635136335,0.2504625130904964
523.131355616908,0.25501225283977336
524.923406014505,0.22883146854065028
526.714786631906,0.19004358585200848
528.505497771697,0.14376828616192674
530.295539736278,0.11632662087680348
532.084912827839,0.12965604635309924
533.873617348396,0.21955281421521597
535.661653599765,0.3866887512905853
537.449021883567,0.5673879427633728
539.235722501244,0.7011750911993213
541.021755754035,0.7673768761931984
542.807121942988,0.7513088855975497
544.591821368967,0.652709861462078
546.37585433264,0.49807960545476576
548.159221134483,0.309133768820117
549.941922074791,0.14070139296752224
551.723957453652,0.03265256159331859
553.505327570978,0.0123234130004787
555.286032726481,0.014026579793177452
557.066073219688,0.02205663843520416
558.845449349939,0.02770431818455489
560.624161416377,0.03518633243458403
562.40220971796,0.04941393755094643
564.179594553454,0.0641586162198562
565.956316221434,0.07554248640059044
567.732375020294,0.07270333468592352
569.507771248231,0.07537613042560139
571.282505203249,0.08828959191445698
573.056577183179,0.09724394605485552
574.829987485648,0.1113261270633957
576.6027364081,0.13584277031672734
578.374824247796,0.18837756774976655
580.146251301796,0.2474743053807865
581.917017866981,0.30457062877728086
583.687124240043,0.3482313418185718
585.45657071749,0.3453534186244519
587.225357595635,0.3245757042250785
588.9934851706,0.26638352751147726
590.760953738332,0.1957570496522406
592.527763594586,0.12221896014409854
594.293915034921,0.05935105025611124
596.059408354722,0.019114492302403006
597.824243849183,0.005989299369835711
599.588421813303,0.004278168355906531
601.351942541907,0.010342867141025428
603.114806329624,0.01934702952426494
604.877013470903,0.03453535333548759
606.638564260005,0.06193240733309971
608.399458991002,0.08299172251703839
610.159697957783,0.10745900088335496
611.919281454051,0.1309000496878902
613.678209773321,0.1550284936937732
615.436483208929,0.16457114699275177
617.194102054018,0.15390578320230083
618.951066601549,0.1375874737606962
620.707377144301,0.10684062137217526
622.463033974862,0.07902548957370717
624.218037385641,0.05916273751155392
625.972387668859,0.03077251646645109
627.726085116552,0.012788355220619671
629.479130020578,0.012769114286008599
631.231522672599,0.022422462952111144
632.983263364104,0.032180200531352454
634.734352386393,0.05101393271560999
636.484790030583,0.07941876211123317
638.234576587611,0.10413913243093174
639.983712348219,0.15265433377294138
641.73219760298,0.18717493482024608
643.480032642277,0.21845871550429827
645.227217756308,0.232124598915249
646.973753235096,0.21975849607252998
648.719639368464,0.19540158390580667
650.464876446078,0.1674575365957696
652.209464757396,0.1292173017823296
653.95340459171,0.08756868395094532
655.696696238127,0.050974454305796744
657.439339985565,0.03465018499725912
659.181336122767,0.01745847953165089
660.92268493829,0.018060591933456063
662.663386720513,0.011189023672730787
664.403441757631,0.004350046030385295
666.142850337659,0.022379774890372153
667.881612748426,0.0437909974783356
669.619729277587,0.060740689358148074
671.357200212613,0.07336380334825343
673.09402584079,0.09074833569423509
674.830206449229,0.10089241917561384
676.565742324861,0.10821993082885026
678.300633754428,0.09772435572783873
680.0348810245,0.08128028522823304
681.768484421467,0.07141290945571573
683.501444231533,0.05719001514062265
685.233760740726,0.03333883124526119
686.965434234891,0.014429296611874665
688.696464999701,0.01447030249922052
690.426853320636,0.020459499910880023
692.156599483014,0.023925139708183607
693.885703771959,0.044010001076316634
695.614166472422,0.07140076406374202
697.341987869173,0.11030155297027326
699.069168246802,0.1552688897117058
700.795707889734,0.18943899288807242
702.521607082192,0.21099317688041508
704.246866108238,0.20823700641899412
705.97148525175,0.18968713725903247
707.695464796425,0.14693762265876303
709.418805025789,0.09586286973392874
711.141506223184,0.05993671666093253
712.863568671777,0.03037125778535684
714.584992654554,0.005837766151135825
716.305778454329,0.0
718.025926353735,0.004287059513016182
719.745436635227,0.015356857313681582
721.464309581086,0.014328001484145389
723.182545473413,0.008456426643556055
724.900144594132,0.0
726.617107224991,0.003477594473731464
728.333433647569,0.0032540787452754252
730.049124143252,0.0
731.764178993264,0.0
733.47859847865,0.0015596991375765267
735.19238288027,0.021096498324293545
736.905532478821,0.04239109917490949
738.618047554814,0.0736711706089144
740.329928388594,0.10278596584292134
742.041175260318,0.12629443573382812
743.751788449978,0.14601615564613035
745.461768237383,0.14317428074208055
747.171114902176,0.14002591685001722
748.879828723819,0.12910294960576324
750.587909981596,0.09643961467951923
752.295358954623,0.0656989670779558
754.00217592184,0.03407526878564075
755.708361162007,0.01132881449451284
757.413914953717,0.0
759.118837575385,0.0
760.82312930525,0.0
762.52679042138,0.0
764.229821201665,0.0
765.932221923833,0.006698480096046513
767.633992865425,0.018851634232689464
769.335134303812,0.03128346860308126
771.035646516195,0.05250302822826923
772.735529779597,0.057851838473928725
774.434784370877,0.054933153699965195
776.133410566708,0.0484588167248604
777.831408643602,0.04074439756673888
779.528778877891,0.0311853274721974
781.225521545737,0.01802959672941247
782.921636923127,0.004993684049346614
784.61712528588,0.0
786.311986909644,0.0
788.006222069889,0.0
789.699831041913,0.0
791.392814100845,0.0
793.085171521647,0.0
794.776903579101,0.0
796.468010547824,0.0
798.158492702256,0.0
799.848350316668,0.0
801.537583665162,0.0
803.226193021668,0.008502431959726798
804.914178659947,0.008223541184019136
806.601540853584,0.014118423239233745
808.288279875998,0.031132821761026157
809.974396000436,0.038581882184837275
811.659889499977,0.032007092871064395
813.344760647526,0.04094212230016579
815.029009715818,0.051836831102352425
816.712636977423,0.06555416739455719
818.395642704736,0.08745387756845002
820.078027169986,0.11981840754905483
821.75979064523,0.19152234003336963
823.440933402358,0.3007332124246566
825.121455713088,0.42651262042569327
826.80135784897,0.5426023486486095
828.480640081383,0.6258788893043168
830.159302681543,0.6668290730733367
831.83734592049,0.6577917900289207
833.514770069103,0.5769952627054168
835.191575398083,0.47171326819024856
836.86776217797,0.35565150486490354
838.543330679133,0.2513030639935748
840.218281171776,0.17055185730237807
841.892613925927,0.12447231296675944
843.566329211457,0.10084367650219925
845.23942729806,0.0739987078019563
846.911908455264,0.06404258000253141
848.583772952437,0.058996163289423253
850.255021058767,0.05164750767318497
851.925653043289,0.06486305063432181
853.595669174858,0.07507436337228879
855.265069722167,0.07884807757020196
856.933854953746,0.10188287107518372
858.602025137954,0.1311400122421187
860.269580542981,0.17312605378856064
861.936521436857,0.21773082415434575
863.602848087439,0.3173971885128851
865.268560762423,0.4619388910640157
866.933659729335,0.6407590004345608
868.598145255537,0.8083321547349865
870.262017608224,0.9238882849829465
871.925277054426,0.9637048750677065
873.587923861005,0.9215006951046427
875.249958294664,0.8063639894716153
876.91138062193,0.6454765874461329
878.572191109175,0.46061596203607647
880.232390022602,0.30678787435214255
881.891977628242,0.20590994785535746
883.550954191973,0.16175202172406095
885.209319979502,0.14157717079804064
886.867075256368,0.12307339945214016
888.524220287953,0.11642532718023048
890.18075533947,0.0995490673550385
891.836680675964,0.10115212521907808
893.491996562323,0.11166593505536501
895.146703263272,0.14776087905458649
896.800801043362,0.1647050908632728
898.45429016699,0.1936242656183163
900.10717089838,0.2095937335799076
901.759443501602,0.20491894772098976
903.411108240556,0.18506960121300378
905.062165378984,0.15149004323381912
906.712615180455,0.10544378597631104
908.362457908388,0.06342025627028303
910.011693826027,0.0402054589445308
911.660323196462,0.03782670548429607
913.308346282616,0.03010700056545985
914.955763347247,0.035913424819748074
916.602574652954,0.04507225638192205
918.248780462172,0.056699107867906655
919.89438103718,0.09993559409410877
921.539376640083,0.17644398522266783
923.183767532832,0.34186508184638703
924.827553977215,0.5610586515862276
926.470736234858,0.7824062878830085
928.113314567219,0.9361620531756042
929.755289235609,1.0
931.396660501159,0.9483579434868473
933.037428624855,0.807563432285869
934.677593867513,0.59834868674582
936.317156489788,0.37525890185164484
937.956116752177,0.18925157136212956
939.594474915015,0.09572349862977403
941.232231238477,0.05940198564746899
942.869385982573,0.03786439043794354
944.505939407158,0.03877647339172353
946.141891771922,0.058650701813544016
947.777243336401,0.12507158918309502
949.411994359964,0.27579848476217683
951.046145101822,0.5102217202233448
952.679695821031,0.7249776972582379
954.312646776476,0.8876883832497383
955.944998226892,0.9519090094272326
957.576750430857,0.9108733898798685
959.207903646779,0.7673682047800203
960.83845813291,0.572073281399527
962.468414147348,0.3472866287911955
964.097771948025,0.15624890988303053
965.726531792719,0.045173397877366135
967.354693939049,0.019413443992702582
968.982258644472,0.0
970.609226166283,0.0
972.235596761629,0.0
973.861370687495,0.0
975.486548200699,0.0
977.11112955791,0.0
978.735115015636,0.0
980.358504830228,0.0
981.981299257874,0.0
983.603498554616,0.0
985.225102976321,0.0
986.846112778716,0.0
988.466528217361,0.0
990.086349547661,0.0
991.705577024859,0.0011283046238717738
993.324210904051,0.008125583814582045
994.942251440167,0.026026022067189167
996.559698887982,0.04227855546886595
998.176553502119,0.0727915940330255
999.792815537039,0.09832040354445329
1001.40848524705,0.14339859290104556
1003.0235628863,0.19012318527694638
1004.63804870879,0.23170899106711096
1006.25194296835,0.255102991046406
1007.86524591866,0.2630661551314241
1009.47795781325,0.2656513130809894
1011.09007890549,0.25294688050147107
1012.7016094486,0.2672453999243444
1014.31254969563,0.31073993377059167
1015.92289989948,0.3846602791153498
1017.5326603129,0.49439671684688236
1019.14183118849,0.6189974479331415
1020.75041277869,0.736640329358594
1022.35840533577,0.8231305473933722
1023.96580911186,0.8249992100174166
1025.57262435893,0.7906457417240034
1027.17885132881,0.6872465001301234
1028.78449027316,0.5840438800158003
1030.38954144348,0.46096939842569556
1031.99400509112,0.34182242868521134
1033.5978814673,0.24383368658242122
1035.20117082306,0.18673151456928233
1036.80387340928,0.16542478223869178
1038.4059894767,0.17798581892984722
1040.00751927592,0.18412300203433715
1041.60846305736,0.20908885459435445
1043.20882107129,0.22207708337200785
1044.80859356784,0.22112783609020586
1046.40778079699,0.2048625612215694
1048.00638300854,0.1794260857260437
1049.60440045217,0.1572158176542264
1051.20183337738,0.15040439143580167
1052.79868203352,0.173949368319073
1054.39494666982,0.21250176567939633
1055.99062753531,0.255413863926099
1057.5857248789,0.27881282493700943
1059.18023894933,0.30151077511104224
1060.7741699952,0.29624320902096385
1062.36751826496,0.28354419530545566
1063.96028400689,0.25582965469828645
1065.55246746913,0.21933879874072987
1067.14406889967,0.18704165449402158
1068.73508854633,0.15084540923292436
1070.32552665682,0.12121224918059306
1071.91538347865,0.09591832384378787
1073.50465925921,0.07009677902256058
1075.09335424573,0.06873776840102991
1076.68146868527,0.08956164631672366
1078.26900282478,0.13279318064879192
1079.85595691102,0.18214857226486172
1081.44233119062,0.22782981547004635
1083.02812591005,0.26619178428474466
1084.61334131564,0.2857532992674198
1086.19797765355,0.28790844392883536
1087.78203516981,0.2477413397041815
1089.36551411028,0.2085452028726093
1090.9484147207,0.16595319189222632
1092.53073724662,0.14070517453638595
1094.11248193348,0.1333265100742095
1095.69364902654,0.1448343023688622
1097.27423877092,0.18315392174718373
1098.8542514116,0.21870187416040165
1100.43368719338,0.26499197103243616
1102.01254636096,0.2927634475616904
1103.59082915883,0.3054346500944688
1105.1685358314,0.32791087652516193
1106.74566662286,0.34473769597190795
1108.32222177731,0.3664461189369271
1109.89820153866,0.3873357057334773
1111.4736061507,0.3960600497954878
1113.04843585704,0.40626790310009
1114.62269090118,0.39266440954817594
1116.19637152644,0.3824714559829287
1117.769477976,0.37280376844211455
1119.34201049289,0.3840897891366331
1120.91396932001,0.4084741952692461
1122.48535470009,0.4645247819192889
1124.05616687572,0.5449691598828632
1125.62640608934,0.6038870561890209
1127.19607258324,0.6399476420748516
1128.76516659958,0.6319401351588034
1130.33368838034,0.5751977348586005
1131.90163816739,0.4855857690626665
1133.46901620242,0.38551784087222657
1135.03582272699,0.2913745892543709
1136.60205798251,0.19433018080787182
1138.16772221025,0.13468392268072935
1139.73281565131,0.10419294575097761
1141.29733854666,0.09679094873394928
1142.86129113713,0.11880191040187246
1144.42467366339,0.13229996949886205
1145.98748636597,0.16086288380549196
1147.54972948525,0.19545178624100973
1149.11140326147,0.23637289815737555
1150.67250793471,0.28447149701084007
1152.23304374493,0.33036729820364114
1153.7930109319,0.3768269346732521
1155.35240973529,0.401909090737717
1156.91124039461,0.4133503019225689
1158.4695031492,0.3849117785073635
1160.02719823829,0.3371917449246278
1161.58432590094,0.28111713337931993
1163.14088637608,0.21036780135886296
1164.69687990248,0.15052536541974815
1166.25230671877,0.10156617267808359
1167.80716706346,0.06646104438508595
1169.36146117486,0.0470958807671451
1170.91518929119,0.024129837997099546
1172.4683516505,0.01123580386428075
1174.02094849068,0.0
1175.57298004952,0.0
1177.12444656462,0.0
1178.67534827347,0.0
1180.22568541338,0.005918660125694993
1181.77545822155,0.0
1183.32466693502,0.014409567829338445
1184.87331179068,0.104366982653204
1186.4213930253,0.16510585053494106
1187.96891087548,0.2045985297630589
1189.51586557769,0.21873463204118357
1191.06225736825,0.20449710894288858
1192.60808648335,0.16469901866567385
1194.15335315901,0.0991166624617302
1195.69805763113,0.0045267662487504315
1197.24220013547,0.0
1198.78578090762,0.0
1200.32880018306,0.0
1201.8712581971,0.0
1203.41315518492,0.016491586452595606
1204.95449138156,0.03267010847315464
1206.49526702192,0.04322228025202681
1208.03548234073,0.05432397903256281
1209.57513757262,0.061695713963902096
1211.11423295205,0.0468493741523404
1212.65276871333,0.027078622477701195
1214.19074509067,0.02285749447750466
1215.72816231809,0.016693212271026856
1217.26502062949,0.0075271984851568805
1218.80132025863,0.015101758620751702
1220.33706143912,0.025827761344069826
1221.87224440445,0.03861620728805791
1223.40686938793,0.051534838236163005
1224.94093662277,0.0671093280453149
1226.47444634202,0.0793702567359541
1228.00739877856,0.10120570599508164
1229.53979416519,0.12045447574172072
1231.07163273453,0.13704822520253054
1232.60291471905,0.14051900423323532
1234.1336403511,0.16060476701658138
1235.6638098629,0.16695257274468217
1237.1934234865,0.16520924060130782
1238.72248145383,0.1661672951835357
1240.25098399667,0.17285756915056105
1241.77893134666,0.19697495645966567
1243.30632373531,0.22566188829293962
1244.83316139398,0.2579981754699185
1246.35944455389,0.2967036342971004
1247.88517344612,0.31802927190302466
1249.41034830163,0.3425046242642903
1250.9349693512,0.343065068308066
1252.45903682551,0.3328518647429005
1253.98255095508,0.3009134451919186
1255.5055119703,0.26885567339325617
1257.02792010141,0.22617642895011664
1258.54977557853,0.17676637745325346
1260.0710786316,0.14279572708048785
1261.59182949048,0.11332122836015553
1263.11202838484,0.08624282404155151
1264.63167554425,0.06546632284031621
1266.1507711981,0.042513993940892135
1267.66931557568,0.022893648805547933
1269.18730890613,0.003410149207023403
1270.70475141843,0.004315610542102432
1272.22164334145,0.0
1273.73798490391,0.0
1275.2537763344,0.0
1276.76901786135,0.0
1278.28370971308,0.0
1279.79785211775,0.0
1281.3114453034,0.0
1282.82448949793,0.008381714228751728
1284.33698492908,0.030951629716576612
1285.84893182448,0.05785159021754858
1287.36033041161,0.0734232101769552
1288.87118091781,0.0923906722417484
1290.3814835703,0.10717833268712904
1291.89123859614,0.12004909162511321
1293.40044622227,0.1291087033473985
1294.90910667548,0.1417877359519583
1296.41722018244,0.16381671295390388
1297.92478696967,0.17565549396495206
1299.43180726356,0.1760603863430383
1300.93828129036,0.17508123024230166
1302.44420927617,0.15977348343867995
1303.94959144699,0.15507321240214714
1305.45442802866,0.14533370360655423
1306.95871924687,0.15301867957584847
1308.4624653272,0.19608659538059836
1309.96566649509,0.2482055030248525
1311.46832297584,0.30987892491516617
1312.9704349946,0.3566557187764062
1314.47200277641,0.40102068774189764
1315.97302654615,0.45189123659592084
1317.47350652859,0.4799610556779545
1318.97344294835,0.5006991769982969
1320.47283602991,0.48856934747284353
1321.97168599762,0.46098049742702807
1323.4699930757,0.4320158002473606
1324.96775748824,0.37858582190141943
1326.46497945918,0.3226062973704022
1327.96165921232,0.2879802371429918
1329.45779697135,0.2747814478699445
1330.95339295982,0.3013328545469774
1332.44844740112,0.3436323116929422
1333.94296051854,0.3929711691720629
1335.43693253521,0.43067206770095606
1336.93036367414,0.4570570680313358
1338.42325415821,0.4785013821310834
1339.91560421015,0.48411116666387927
1341.40741405256,0.49010347290227785
1342.89868390791,0.5048440639979028
1344.38941399855,0.5074990047278651
1345.87960454667,0.509022873780338
1347.36925577434,0.5008654619582745
1348.8583679035,0.4620338320242921
1350.34694115596,0.41870665082144404
1351.83497575338,0.3607923801663753
1353.3224719173,0.30166866451860913
1354.80942986913,0.24402961302350737
1356.29584983013,0.20150121806524832
1357.78173202145,0.1750504642702837
1359.26707666407,0.15277578611273893
1360.7518839789,0.1365363937078474
1362.23615418665,0.11756881878178937
1363.71988750794,0.10100556393870794
1365.20308416325,0.09592839837322453
1366.68574437291,0.08518688272579447
1368.16786835714,0.08139633133475571
1369.64945633602,0.08351772008964335
1371.13050852949,0.11061159597164448
1372.61102515737,0.14113207509894662
1374.09100643934,0.1834561858048817
1375.57045259496,0.21459992067058054
1377.04936384364,0.2354489829244851
1378.52774040467,0.2657026255122695
1380.00558249722,0.2718842362615769
1381.48289034029,0.28834945407765994
1382.9596641528,0.30508576786606595
1384.43590415349,0.32589719729004724
1385.91161056101,0.3533000335579001
1387.38678359386,0.37725632525715835
1388.8614234704,0.41279594829180377
1390.33553040888,0.4360271409700867
1391.8091046274,0.4559434048305666
1393.28214634394,0.47811616586497185
1394.75465577636,0.46553489783962076
1396.22663314236,0.45760426744063554
1397.69807865954,0.42459708996016887
1399.16899254534,0.3784048029397084
1400.63937501711,0.3121457876994429
1402.10922629203,0.2593234343366409
1403.57854658717,0.21444683649421808
1405.04733611947,0.1814208631712908
1406.51559510573,0.15770511262112094
1407.98332376263,0.14657239452909077
1409.45052230672,0.13025296366529768
1410.91719095442,0.12147285691473339
1412.38332992202,0.09988690547219922
1413.84893942567,0.08469340862836322
1415.31401968141,0.07455339434353611
1416.77857090513,0.07651481768333544
1418.24259331261,0.0881487101382273
1419.70608711949,0.09420319263757738
1421.16905254129,0.1037963144149635
1422.63148979339,0.09782491357164846
1424.09339909104,0.10071575405077667
1425.55478064938,0.10440741019784677
1427.0156346834,0.1056833675627283
1428.47596140798,0.12194885721212234
1429.93576103785,0.15167216632794955
1431.39503378764,0.19358688299118335
1432.85377987182,0.24785284923204443
1434.31199950476,0.3006578580361504
1435.76969290068,0.33773002689331627
1437.22686027369,0.35711675822640027
1438.68350183777,0.3812032498502973
1440.13961780675,0.39449572755838347
1441.59520839436,0.39205037676550636
1443.05027381419,0.39609174223476845
1444.5048142797,0.4091976414341965
1445.95883000423,0.43836661052674863
1447.41232120099,0.4664485835302057
1448.86528808306,0.4991137564890877
1450.3177308634,0.5040130814308128
1451.76964975483,0.5109297313304
1453.22104497006,0.5019665170068358
1454.67191672166,0.47008713611445446
1456.12226522207,0.4190215400694502
1457.57209068362,0.377075737261192
1459.0213933185,0.33804809304162897
1460.47017333878,0.3046697058485288
1461.9184309564,0.27660279586520925
1463.36616638317,0.25100513239261774
1464.81337983079,0.23644461000312253
1466.26007151082,0.22723992614249783
1467.70624163469,0.21207396373124957
1469.15189041371,0.1991360099935277
1470.59701805907,0.18748484275148208
1472.04162478183,0.16527603467738633
1473.48571079292,0.15555127670954524
1474.92927630314,0.13419579812254132
1476.37232152319,0.11675658534125007
1477.81484666361,0.0896333486686618
1479.25685193484,0.07571225177185045
1480.69833754718,0.05905079356195038
1482.13930371082,0.03952554736844943
1483.57975063581,0.033930592612091276
1485.01967853208,0.023531708665677498
1486.45908760943,0.007590334804221079
1487.89797807756,0.008860790955562041
1489.336350146,0.004612254654970476
1490.7742040242,0.0020030279815812517
1492.21153992146,0.0
1493.64835804696,0.0
1495.08465860977,0.0
1496.52044181881,0.0
1497.9557078829,0.0
1499.39045701072,0.0
1500.82468941082,0.0
1502.25840529165,0.0
1503.69160486153,0.0
1505.12428832864,0.0
1506.55645590104,0.0
1507.98810778668,0.0
1509.41924419338,0.0
1510.84986532883,0.0
1512.2799714006,0.0
1513.70956261615,0.0
1515.13863918279,0.0017958839023741546
1516.56720130773,0.0
1517.99524919805,0.0
1519.4227830607,0.0
1520.84980310252,0.0
1522.27630953022,0.0017823720086980863
1523.70230255038,0.0
1525.12778236947,0.0
1526.55274919384,0.015354790106121176
1527.97720322969,0.019988817866416122
1529.40114468314,0.01235243045211201
1530.82457376015,0.008971680854902712
1532.24749066658,0.01309006721110335
1533.66989560815,0.009372410614847096
1535.09178879049,0.010150447882923559
1536.51317041907,0.01630689443986575
1537.93404069926,0.016112798325304958
1539.3543998363,0.030999962905936027
1540.77424803532,0.05415532973272615
1542.19358550131,0.05737518029434551
1543.61241243916,0.05694727561443466
1545.03072905361,0.058217318219524486
1546.44853554932,0.06417022537305703
1547.86583213078,0.059764827159745314
1549.28261900239,0.055903174114498695
1550.69889636843,0.049402058324517814
1552.11466443305,0.05193748943959432
1553.52992340027,0.05192072462625947
1554.94467347401,0.045283036672766334
1556.35891485805,0.04036964214393651
1557.77264775607,0.035039971242580306
1559.1858723716,0.022952377831788176
1560.59858890807,0.018182491257738197
1562.0107975688,0.007642609450496085
1563.42249855697,0.01121651754000617
1564.83369207563,0.014141827586603713
1566.24437832774,0.027460806226107668
1567.65455751613,0.019880536327526562
1569.06422984349,0.018747361451286
1570.47339551241,0.0344715223579251
1571.88205472536,0.040018623949153176
1573.29020768468,0.04666581642279799
1574.6978545926,0.062264834246069614
1576.10499565123,0.07973213891237463
1577.51163106254,0.10426125337951256
1578.91776102841,0.12257516959541657
1580.32338575059,0.1457955343703836
1581.72850543069,0.16103230230954607
1583.13312027024,0.18100742141135645
1584.53723047062,0.2143161065302768
1585.94083623311,0.23990777348388895
1587.34393775884,0.2610966841002919
1588.74653524887,0.27886671471017016
1590.14862890409,0.28814514146652864
1591.55021892531,0.2748013898107741
1592.95130551321,0.2500819693104596
1594.35188886833,0.2260073327346806
1595.75196919113,0.20015101841704017
1597.15154668191,0.16633329125194424
1598.55062154089,0.14646209633756305
1599.94919396815,0.13131923553195798
1601.34726416366,0.1121038994495473
1602.74483232725,0.10367713781063091
1604.14189865868,0.09022168398263082
1605.53846335753,0.07517996371445332
1606.93452662332,0.06458161887182223
1608.33008865542,0.06469962829626844
1609.72514965308,0.05443408860284407
1611.11970981545,0.044035972221723535
1612.51376934155,0.04844400743003681
1613.90732843029,0.04325453504401514
1615.30038728045,0.029574505469277233
1616.69294609071,0.019300827236952294
1618.08500505963,0.010976876823222995
1619.47656438563,0.014334805812220713
1620.86762426705,0.02071059691573194
1622.25818490208,0.017605865742332062
1623.6482464888,0.011737991378464126
1625.0378092252,0.018346478110079296
1626.42687330912,0.03242084940173597
1627.8154389383,0.023152730755482586
1629.20350631036,0.023795872317509015
1630.59107562279,0.019773309747697494
1631.978147073,0.027806571949567416
1633.36472085824,0.028637688504990617
1634.75079717568,0.0235865049724849
1636.13637622235,0.01651277220087896
1637.52145819517,0.01601807652489377
1638.90604329095,0.01821231861269907
1640.29013170637,0.01856661823442162
1641.67372363801,0.005844910728483187
1643.05681928234,0.007570499784207132
1644.43941883568,0.010935718443044813
1645.82152249428,0.012148474506373177
1647.20313045424,0.012263285850260588
1648.58424291155,0.015646858079371332
1649.96486006209,0.028999636863314155
1651.34498210164,0.03497489862068382
1652.72460922584,0.04194945773597841
1654.10374163022,0.026623093593730298
1655.48237951021,0.023476379523437757
1656.8605230611,0.015507316721874767
1658.2381724781,0.014847647601936938
1659.61532795627,0.010197066143243226
1660.99198969058,0.011666200510765548
1662.36815787586,0.012079769328093237
1663.74383270685,0.019542496392306003
1665.11901437817,0.019303310690426977
1666.49370308431,0.025537026063865344
1667.86789901967,0.0194452755132544
1669.24160237851,0.028532739001012063
1670.614813355,0.015713030363242415
1671.98753214318,0.012345469142111282
1673.35975893698,0.005470257374424047
1674.73149393022,0.0
1676.1027373166,0.0
1677.4734892897,0.0
1678.84375004301,0.009511715846269668
1680.21351976988,0.014325052934882065
1681.58279866357,0.02268286540956123
1682.9515869172,0.02394905050130798
1684.31988472379,0.021501780166701505
1685.68769227626,0.021818486478781925
1687.0550097674,0.030345765046379976
1688.42183738988,0.03547919580701623
1689.78817533628,0.04109207940496108
1691.15402379905,0.04765764959258152
1692.51938297053,0.08290033953445143
1693.88425304294,0.0962451069632987
1695.24863420842,0.11842100052945073
1696.61252665895,0.13328620592435983
1697.97593058642,0.15663448202452057
1699.33884618262,0.17431637239368622
1700.70127363922,0.17891662581972445
1702.06321314775,0.16825357016796988
1703.42466489967,0.15252397664205639
1704.78562908629,0.14493429783876732
1706.14610589884,0.1365432423816868
1707.50609552842,0.11150967406623317
1708.86559816601,0.0956939157668481
1710.22461400251,0.07489907169915426
1711.58314322867,0.07205517073767759
1712.94118603515,0.062133090279827545
1714.29874261249,0.04652347701841433
1715.65581315114,0.04007020417720249
1717.0123978414,0.03755811851195723
1718.36849687348,0.04044037785858109
1719.72411043748,0.03088677505551376
1721.0792387234,0.0331183793403484
1722.43388192109,0.04222251329824008
1723.78804022032,0.03992958732037442
1725.14171381076,0.04682232186074358
1726.49490288193,0.047125400156813824
1727.84760762327,0.04792098425821754
1729.19982822409,0.043336516991617655
1730.55156487361,0.03477273292861076
1731.90281776091,0.029457111019893224
1733.25358707499,0.021204451410259947
1734.60387300473,0.02669041457782809
1735.95367573888,0.03532931600494633
1737.30299546609,0.02533148243602916
1738.65183237493,0.02724320217360511
1740.00018665381,0.03149102746343436
1741.34805849106,0.03863579205850401
1742.6954480749,0.035673560925440696
1744.04235559342,0.036234787992606585
1745.38878123462,0.03884397618965983
1746.73472518639,0.038637390725022196
1748.08018763649,0.04670218651310818
1749.42516877259,0.04123007074077999
1750.76966878224,0.032115125811927756
1752.11368785288,0.03337307737124095
1753.45722617185,0.029943360626950723
1754.80028392637,0.02764571693222087
1756.14286130356,0.01604312054591563
1757.48495849042,0.01360753084778217
1758.82657567385,0.01370924512044306
1760.16771304063,0.010267774289144941
1761.50837077745,0.018853528287496295
1762.84854907086,0.019354839725993854
1764.18824810734,0.030657684354195056
1765.52746807322,0.03060393136456116
1766.86620915475,0.030785976260548464
1768.20447153807,0.034294363232942424
1769.54225540919,0.03247657167556932
1770.87956095404,0.03182658239980115
1772.21638835841,0.024041675832214168
1773.55273780801,0.03012017211997542
1774.88860948842,0.030974453328826753
1776.22400358513,0.02386660668994955
1777.55892028351,0.01684529900340732
1778.89335976882,0.0010670310710402607
1780.22732222622,0.0
1781.56080784075,0.0008198276798720417
1782.89381679736,0.0
1784.22634928089,0.0
1785.55840547604,0.0
1786.88998556744,0.012973621292855323
1788.2210897396,0.013672219857001119
1789.55171817692,0.01051646467367206
1790.88187106369,0.009880571989999056
1792.21154858409,0.010786035525484966
1793.54075092222,0.008002578939277563
1794.86947826202,0.004184962368098802
1796.19773078738,0.0
1797.52550868204,0.0
1798.85281212966,0.0020110788808324538
1800.17964131377,0.002186459801155667
1801.50599641781,0.0
1802.83187762511,0.0
1804.15728511889,0.0
1805.48221908227,0.0013428088204147245
1806.80667969824,0.0
1808.13066714972,0.0
1809.4541816195,0.0
1810.77722329025,0.007606223473366377
1812.09979234457,0.014728278109432886
1813.42188896493,0.015324828057481399
1814.74351333369,0.02477579783163597
1816.06466563313,0.03330706325886538
1817.38534604539,0.033714823904362916
1818.70555475252,0.029564959745762634
1820.02529193647,0.028125901458136825
1821.34455777908,0.03141220154314085
1822.66335246207,0.027152060032761223
1823.98167616708,0.01961771961180239
1825.29952907562,0.01481862955285216
1826.61691136911,0.01202156681757326
1827.93382322885,0.013364433934189844
1829.25026483606,0.018977540154885803
1830.56623637182,0.022513836140188172
1831.88173801713,0.03472460112723879
1833.19676995287,0.05478703961524238
1834.51133235984,0.06384382181235605
1835.82542541869,0.0645651506880984
1837.13904931002,0.06148348416213502
1838.45220421428,0.05473417388596218
1839.76489031182,0.04655310151410618
1841.07710778292,0.025903728961447697
1842.38885680772,0.020885729682052885
1843.70013756627,0.0229804978990648
1845.0109502385,0.02877459043998294
1846.32129500426,0.03164883610685319
1847.63117204328,0.028923199817714896
1848.94058153519,0.035451966018157824
1850.2495236595,0.04731133282290788
1851.55799859565,0.04204782553370884
1852.86600652294,0.03453768602763542
1854.17354762058,0.029585393761202703
1855.48062206769,0.0344254898905615
1856.78723004326,0.04162424729235827
1858.0933717262,0.03711172826757639
1859.39904729529,0.029631537248902082
1860.70425692923,0.02469113116871864
1862.0090008066,0.025825859661052147
1863.3132791059,0.01797380493030689
1864.61709200548,0.003058154287358047
1865.92043968364,0.004568499009082194
1867.22332231854,0.012012385442199743
1868.52574008826,0.02126994340807427
1869.82769317075,0.0323260499674554
1871.12918174388,0.04154583070876355
1872.43020598541,0.036995346813706274
1873.73076607299,0.03525758817706691
1875.03086218417,0.022534656899589226
1876.33049449641,0.008545193054708461
1877.62966318705,0.0
1878.92836843333,0.0025715909000373857
1880.2266104124,0.0015770808463243663
1881.52438930128,0.009413413615314342
1882.82170527693,0.01963709723523421
1884.11855851615,0.03529000437437312
1885.4149491957,0.02717086030827698
1886.71087749218,0.023357286904931593
1888.00634358213,0.013584936510240078
1889.30134764197,0.008875342772956797
1890.59588984803,0.01234641161166597
1891.8899703765,0.013314697495629921
1893.18358940352,0.01493697174457429
1894.47674710509,0.018247499595241717
1895.76944365713,0.025465159305654534
1897.06167923544,0.03572815361321877
1898.35345401573,0.028467158495334603
1899.64476817361,0.021753924101884085
1900.93562188457,0.018637055028271593
1902.22601532402,0.015980147810322948
1903.51594866727,0.0274003895616387
1904.8054220895,0.020602281407794094
1906.09443576582,0.02274073348450277
1907.38298987122,0.019456759181211293
1908.67108458059,0.025765077886219956
1909.95872006873,0.03367083323912827
1911.24589651033,0.03654966897299421
1912.53261407997,0.03561494602506364
1913.81887295215,0.027066111169861913
1915.10467330126,0.023237699473481716
1916.39001530157,0.02087329676876637
1917.67489912729,0.013531039545201759
1918.95932495248,0.013009759886337341
1920.24329295115,0.013900115047574418
1921.52680329716,0.02358355593891288
1922.8098561643,0.02670403094052779
1924.09245172626,0.031097568247616236
1925.37459015661,0.044094915581865755
1926.65627162885,0.03841106331158382
1927.93749631634,0.04373571689977195
1929.21826439236,0.03616871277726084
1930.49857603011,0.02964319221856291
1931.77843140266,0.028556230530373997
1933.05783068298,0.0212914804489114
1934.33677404396,0.023414509791142592
1935.61526165838,0.010729407892700686
1936.89329369891,0.012702792308509028
1938.17087033814,0.023567024688509512
1939.44799174855,0.024810987441697237
1940.72465810252,0.03570448317575775
1942.00086957232,0.030414086047629
1943.27662633014,0.02364181367766963
1944.55192854806,0.027248971658131362
1945.82677639806,0.022709219553306747
1947.10117005202,0.03322979488998206
1948.37510968173,0.02458187281699899
1949.64859545888,0.032920640208397606
1950.92162755503,0.04085535348923712
1952.19420614169,0.04164158739643885
1953.46633139023,0.03860667079716632
1954.73800347195,0.03640111407948386
1956.00922255803,0.0400184719113594
1957.27998881956,0.04116467202355933
1958.55030242753,0.04337826415622325
1959.82016355283,0.03889410421736302
1961.08957236626,0.027946994010971983
1962.35852903851,0.02634239927045415
1963.62703374017,0.02125224749690736
1964.89508664175,0.007370174264979413
1966.16268791364,0.0
1967.42983772614,0.005357952337706788
1968.69653624945,0.01586216518788181
1969.96278365368,0.007341747871965206
1971.22858010883,0.01373301574704143
1972.49392578481,0.00998828196563395
1973.75882085144,0.007956967179999785
1975.02326547841,0.012230403537399206
1976.28725983534,0.005487088700806736
1977.55080409175,0.007567941077131358
1978.81389841706,0.01180791751543331
1980.07654298059,0.011452409815120398
1981.33873795155,0.012280739918033651
1982.60048349907,0.008398452487452692
1983.86177979219,0.013613545495118836
1985.12262699982,0.012336649307547852
1986.3830252908,0.004151936053972683
1987.64297483387,0.0051791729624081915
1988.90247579766,0.0
1990.16152835071,0.0
1991.42013266146,0.0
1992.67828889827,0.0
1993.93599722937,0.0
1995.19325782292,0.008421593180274582
1996.45007084698,0.015769771983267317
1997.70643646949,0.024588375065617802
1998.96235485834,0.01983235054603531
2000.21782618127,0.025241362676725398
2001.47285060595,0.01608558225938829
2002.72742829996,0.0040608064878775675
2003.98155943077,0.0
2005.23524416575,0.0019475856406541215
2006.48848267219,0.0016979512268363553
2007.74127511728,0.006625165337624007
2008.9936216681,0.008704011714656632
2010.24552249164,0.017634553961435047
2011.4969777548,0.015319816070903408
2012.74798762438,0.021582313998026157
2013.99855226709,0.024293768107781204
2015.24867184953,0.017771145908085862
2016.49834653821,0.03020699388578218
2017.74757649955,0.03742916349014422
2018.99636189987,0.04012550904107303
2020.2447029054,0.034902791167382326
2021.49259968226,0.03192577255331854
2022.74005239649,0.02356971596038442
2023.98706121402,0.0219528929096748
2025.2336263007,0.013289213221411201
2026.47974782227,0.0133386618098978
2027.72542594438,0.014745185241453213
2028.9706608326,0.028964610033435582
2030.21545265237,0.027628758860728866
2031.45980156908,0.02741353124027172
2032.70370774798,0.031511173120138965
2033.94717135425,0.03573754773861717
2035.19019255297,0.02996347400785823
2036.43277150913,0.03001651327202136
2037.67490838762,0.017265629620878048
2038.91660335323,0.021322830039196116
2040.15785657066,0.023237684240414884
2041.39866820453,0.022349464364308562
2042.63903841933,0.022360742192174512
2043.8789673795,0.02176583914603054
2045.11845524934,0.03341301976162129
2046.35750219309,0.026689895761636027
2047.59610837489,0.02689416287125517
2048.83427395876,0.025785911201984365
2050.07199910866,0.03066716782532712
2051.30928398844,0.025445087982647704
2052.54612876184,0.025102253685830866
2053.78253359254,0.021621809953136527
2055.01849864411,0.026841444137761697
2056.25402408001,0.02413767500956069
2057.48911006363,0.024983168334699345
2058.72375675825,0.016210267575600967
2059.95796432706,0.020902883703898596
2061.19173293318,0.02552664942964783
2062.42506273959,0.02546813691977864
2063.65795390921,0.024291304715762144
2064.89040660486,0.02895510247928543
2066.12242098927,0.027939504944661974
2067.35399722506,0.023306148511132236
2068.58513547477,0.022215071907644237
2069.81583590085,0.024189688147111876
2071.04609866565,0.02590424957265345
2072.27592393143,0.025827671750223092
2073.50531186034,0.021705593743210072
2074.73426261447,0.013091836812585892
2075.96277635579,0.016474630968277344
2077.19085324619,0.005640315925376288
2078.41849344745,0.001553643487766198
2079.64569712128,0.0
2080.87246442929,0.003965280242040948
2082.09879553299,0.013449620116397401
2083.32469059381,0.021840483911809698
2084.55014977306,0.02450929879763166
2085.77517323199,0.016644981388815004
2086.99976113175,0.01819674809394138
2088.22391363338,0.012585101309401383
2089.44763089784,0.002505453391971468
2090.670913086,0.0
2091.89376035863,0.0
2093.11617287642,0.0
2094.33815079996,0.0
2095.55969428975,0.0
2096.78080350619,0.0
2098.00147860959,0.0
2099.22171976018,0.011838598032705294
2100.4415271181,0.010937738507155
2101.66090084336,0.017593135390802487
2102.87984109594,0.019283052868609343
2104.09834803567,0.022510561083207526
2105.31642182233,0.024268014282750352
2106.53406261559,0.028243117828581344
2107.75127057502,0.047140840064536546
2108.96804586012,0.05840992307796459
2110.18438863028,0.07094800028166359
2111.40029904482,0.08256531574849392
2112.61577726294,0.08418072558337145
2113.83082344377,0.096661349295756
2115.04543774634,0.10153529470436927
2116.25962032961,0.10897433475331346
2117.4733713524,0.12322377987364282
2118.68669097349,0.13661687864880692
2119.89957935155,0.17293576337941166
2121.11203664515,0.17910625007793726
2122.32406301279,0.1958059834859239
2123.53565861285,0.20153976215967703
2124.74682360364,0.20693721804167078
2125.95755814338,0.20943328370080722
2127.1678623902,0.20009197697309172
2128.37773650212,0.1755944968165108
2129.5871806371,0.15130885143322062
2130.79619495298,0.12539823777551948
2132.00477960753,0.10806463053884739
2133.21293475842,0.07657737038400933
2134.42066056323,0.06661184546294946
2135.62795717946,0.06042931987989152
2136.83482476451,0.05193778893410615
2138.04126347569,0.043482874226123076
2139.24727347022,0.02765951348735124
2140.45285490524,0.022172750055314838
2141.65800793779,0.0225562372883313
2142.86273272481,0.017775014887051938
2144.06702942318,0.021282349877852418
2145.27089818967,0.022185228882977658
2146.47433918096,0.027591369368663264
2147.67735255364,0.03325578998973657
2148.87993846422,0.028128310276966478
2150.08209706912,0.029900434981507226
2151.28382852465,0.027478040295447637
2152.48513298706,0.03875710213755523
2153.6860106125,0.029647436297590934
2154.88646155701,0.0227716408844878
2156.08648597657,0.021068445321398756
2157.28608402706,0.011361763609068211
2158.48525586427,0.0059709130443215885
2159.6840016439,0.005666485686025556
2160.88232152156,0.004755234879286305
2162.08021565278,0.008871261610674546
2163.27768419298,0.009999406138077191
2164.47472729752,0.020170010509361545
2165.67134512165,0.022818747858163513
2166.86753782054,0.025093858308466013
2168.06330554928,0.02394000988578885
2169.25864846284,0.026547685230806285
2170.45356671614,0.029021670983563713
2171.64806046398,0.029913715205923282
2172.8421298611,0.02736660911660345
2174.03577506213,0.024308915987763923
2175.22899622162,0.026846193912900416
2176.42179349403,0.0385761983545814
2177.61416703373,0.04143395246524344
2178.80611699501,0.03972695993881078
2179.99764353207,0.03211679009109569
2181.188746799,0.035502326161971465
2182.37942694984,0.03422498277943603
2183.56968413851,0.027458355897073333
2184.75951851887,0.02315671853073091
2185.94893024466,0.01628075891667689
2187.13791946956,0.020990029601254116
2188.32648634714,0.018327261745247254
2189.51463103091,0.01973634721275995
2190.70235367426,0.028928228787619893
2191.88965443052,0.026908454094250127
2193.07653345292,0.034827649772642355
2194.2629908946,0.041108295247619595
2195.44902690862,0.042612188697748896
2196.63464164794,0.04535358098550787
2197.81983526545,0.038660721963398786
2199.00460791395,0.044191186885821424
2200.18895974614,0.026560231944194806
2201.37289091464,0.01956561052083987
2202.55640157199,0.017197969897279442
2203.73949187063,0.013912675785948264
2204.92216196292,0.018595082683599187
2206.10441200113,0.023383710823509637
2207.28624213746,0.03361682747599911
2208.467652524,0.03670631986278606
2209.64864331275,0.04382902751311476
2210.82921465566,0.0553076079265471
2212.00936670456,0.045729344107648576
2213.18909961119,0.04770227637930296
2214.36841352724,0.04608653304401016
2215.54730860427,0.05346999078915665
2216.72578499378,0.06214829473792855
2217.90384284718,0.052951165288316636
2219.08148231579,0.060208617521687484
2220.25870355084,0.04955315870956123
2221.43550670348,0.05825689514310961
2222.61189192478,0.061040564004327856
2223.78785936571,0.056552081981265795
2224.96340917716,0.06314350408677083
2226.13854150994,0.060845191581302145
2227.31325651476,0.05714655968750774
2228.48755434226,0.05221133434462428
2229.66143514298,0.0415340633023676
2230.83489906739,0.04027287610253971
2232.00794626586,0.03932073433817534
2233.18057688868,0.050646932566158924
2234.35279108606,0.05131265579665047
2235.52458900812,0.057836379710048444
2236.69597080488,0.0718503134254883
2237.8669366263,0.06560619243626757
2239.03748662224,0.061793961068490916
2240.20762094248,0.05895499586223053
2241.3773397367,0.06592042150297285
2242.54664315453,0.05739060163237232
2243.71553134547,0.062149207047985544
2244.88400445897,0.060086248369198896
2246.05206264437,0.055590098935735084
2247.21970605095,0.0615966014235578
2248.38693482788,0.058078553393084154
2249.55374912427,0.04792537597060142
2250.72014908912,0.051452654058618826
2251.88613487137,0.05570874759331622
2253.05170661985,0.06384499526462582
2254.21686448332,0.06229631538112312
2255.38160861046,0.07410068747657256
2256.54593914986,0.07749027993344154
2257.70985625002,0.0743489866080251
2258.87336005936,0.0827262035223772
2260.03645072622,0.07349797520435193
2261.19912839884,0.07544280829599655
2262.3613932254,0.06858918849748767
2263.52324535398,0.06894171152440075
2264.68468493257,0.07037582632808924
2265.8457121091,0.06593554794523813
2267.00632703138,0.06765420435325435
2268.16652984718,0.06333375098699053
2269.32632070414,0.055883773839545514
2270.48569974985,0.06455004160955609
2271.64466713181,0.04911607641087771
2272.80322299741,0.04927702183989424
2273.96136749401,0.042075258888436294
2275.11910076882,0.05888658143165295
2276.27642296902,0.06188737860396638
2277.43333424168,0.06315824369646429
2278.5898347338,0.07508225453643348
2279.74592459227,0.07929996158476128
2280.90160396393,0.07910956774266796
2282.05687299552,0.08064152750648534
2283.2117318337,0.07135297734676602
2284.36618062504,0.07131089773196676
2285.52021951604,0.0685469733213381
2286.67384865311,0.07711553344920874
2287.82706818257,0.06774375145186697
2288.97987825066,0.06725476845282988
2290.13227900354,0.06912000401154339
2291.2842705873,0.07188392770086319
2292.43585314792,0.07454051353825494
2293.58702683132,0.07748971876143687
2294.73779178332,0.08738578462330286
2295.88814814967,0.09014627599257251
2297.03809607604,0.09549595197654709
2298.18763570799,0.0941195459200537
2299.33676719104,0.08955510258966719
2300.48549067059,0.08888436153102905
2301.63380629198,0.13558764397347114
2302.78171420046,0.07525549202567519
2303.92921454119,0.023844306207737635
2305.07630745926,0.0
2306.22299309967,0.0
2307.36927160734,0.0
2308.51514312712,0.0
2309.66060780375,0.0
2310.80566578191,0.012614257356496801
2311.9503172062,0.06546129973664147
2313.09456222111,0.128445842673133
2314.23840097109,0.07911721888219897
2315.38183360048,0.0763445022114791
2316.52486025354,0.0790774276906591
2317.66748107445,0.08203567341184785
2318.80969620732,0.0822337833273689
2319.95150579615,0.08559709537923296
2321.0929099849,0.0918963514636122
2322.23390891741,0.09351069591767226
2323.37450273747,0.10096194781588791
2324.51469158875,0.10093598573509671
2325.65447561488,0.1046897124608755
2326.79385495939,0.1042710147055472
2327.93282976571,0.09596432875389899
2329.07140017722,0.10003196256490346
2330.20956633721,0.08684721348663894
2331.34732838888,0.08851006556662389
2332.48468647535,0.08885378977855432
2333.62164073966,0.08682942492269487
2334.75819132478,0.07522327373756253
2335.89433837358,0.07225619955820663
2337.03008202888,0.0726189975603543
2338.16542243337,0.0636108666948155
2339.30035972971,0.05077338622421195
2340.43489406045,0.059440147879472535
2341.56902556805,0.0628470480399916
2342.70275439493,0.07454911795830264
2343.8360806834,0.06847509763549467
2344.96900457568,0.06551244735264891
2346.10152621393,0.06802064116786954
2347.23364574023,0.060084651060260924
2348.36536329656,0.05097221753094385
2349.49667902484,0.036465734374267395
2350.62759306691,0.03347969372499316
2351.75810556451,0.03731486132302129
2352.88821665931,0.04543168194279345
2354.0179264929,0.04639838324950982
2355.1472352068,0.043040809852872786
2356.27614294243,0.04169470806740581
2357.40464984115,0.0494664108005974
2358.53275604423,0.04015615909335761
2359.66046169286,0.043736209693050795
2360.78776692814,0.04625006452284502
2361.91467189112,0.04389071439469672
2363.04117672273,0.036050111653687864
2364.16728156386,0.036957458808602156
2365.29298655529,0.03150373422896435
2366.41829183773,0.02296763090162018
2367.54319755182,0.013597004349010842
2368.66770383811,0.015517128396012736
2369.79181083707,0.02078749412287839
2370.9155186891,0.03485153821736871
2372.0388275345,0.04496607416128071
2373.16173751353,0.0472023902823811
2374.28424876633,0.04842511264742829
2375.40636143297,0.05854742834476441
2376.52807565346,0.05892164955229116
2377.64939156771,0.04944834067645205
2378.77030931556,0.05226028356823209
2379.89082903677,0.04921167173226206
2381.01095087103,0.04447172150743707
2382.13067495792,0.03690676221733885
2383.25000143699,0.03344728488027159
2384.36893044765,0.029919494401736475
2385.4874621293,0.02504775766801931
2386.6055966212,0.02784281311363073
2387.72333406257,0.030884573659579737
2388.84067459254,0.03597300193005763
2389.95761835016,0.048115473080521026
2391.07416547439,0.04452907949824297
2392.19031610413,0.04322659920980307
2393.3060703782,0.041681854554886336
2394.42142843532,0.042161198164602356
2395.53639041417,0.03370250143591803
2396.65095645331,0.030899873076057034
2397.76512669125,0.036815593243391044
2398.87890126641,0.03575244438325958
2399.99228031713,0.04042367491106271
2401.10526398169,0.04290049500156574
2402.21785239826,0.04161993514938736
2403.33004570496,0.042947996315544364
2404.44184403983,0.04219201996952198
2405.5532475408,0.04520934102780084
2406.66425634577,0.04967483158349927
2407.77487059253,0.05850709507181453
2408.88509041879,0.0663543969557602
2409.99491596221,0.056490331654620175
2411.10434736034,0.05660730653306356
2412.21338475068,0.04963754547764877
2413.32202827062,0.04477757312185706
2414.43027805751,0.04090373674887949
2415.5381342486,0.031307285052883646
2416.64559698106,0.03706636202391038
2417.752666392,0.03848707656287148
2418.85934261843,0.044005481390860475
2419.96562579731,0.04401971477704
2421.07151606549,0.04262786761272731
2422.17701355976,0.040845662799084095
2423.28211841685,0.03668250054061449
2424.38683077338,0.036370792977050856
2425.49115076591,0.03684178126114396
2426.59507853093,0.034278080611654174
2427.69861420484,0.038508183031687876
2428.80175792396,0.03491121503851148
2429.90450982455,0.04001777429012426
2431.00687004278,0.037346408519643
2432.10883871475,0.04067994298296432
2433.21041597647,0.04036577253416206
2434.31160196388,0.04190962205252502
2435.41239681287,0.04536223997799086
2436.5128006592,0.0441567522419203
2437.61281363861,0.0414482307453844
2438.71243588671,0.03730430970864036
2439.81166753908,0.028791370450205973
2440.9105087312,0.028483932361220383
2442.00895959847,0.02270741457689449
2443.10702027622,0.020641337093807322
2444.20469089971,0.015750908971937892
2445.30197160412,0.021068600358220214
2446.39886252455,0.028055404384161813
2447.49536379601,0.03202526655964026
2448.59147555347,0.0326114943540141
2449.6871979318,0.03379379507622625
2450.78253106578,0.039607639220566856
2451.87747509015,0.042257557783043964
2452.97203013955,0.03652347369166089
2454.06619634855,0.03481257241859417
2455.15997385163,0.020056933971660505
2456.25336278323,0.028092403787341604
2457.34636327767,0.02193229563325335
2458.43897546923,0.020665617258736217
2459.5311994921,0.017590237661310678
2460.62303548038,0.012886955183489725
2461.71448356813,0.020250635276476463
2462.8055438893,0.01579293694860144
2463.89621657778,0.024458335498790534
2464.98650176738,0.025140049086582544
2466.07639959184,0.016908607703599535
2467.16591018483,0.024987312342119018
2468.25503367992,0.016759517932513776
2469.34377021063,0.022555375862717685
2470.4321199104,0.026278624190004728
2471.52008291258,0.016387258513346478
2472.60765935046,0.019468312176769892
2473.69484935726,0.018438619601662234
2474.78165306609,0.02983035125389668
2475.86807061004,0.023144282650902515
2476.95410212208,0.02060413675896128
2478.03974773512,0.01971557929331889
2479.12500758199,0.01410935082344191
2480.20988179546,0.013247101183045385
2481.29437050822,0.012133450013704845
2482.37847385287,0.0
2483.46219196196,0.0049185216545286105
2484.54552496793,0.008490069211569161
2485.62847300319,0.015688281067492718
2486.71103620004,0.02096180193892684
2487.79321469071,0.020974723802678556
2488.87500860739,0.023610331639131073
2489.95641808214,0.022340506642579035
2491.03744324699,0.029835994272030653
2492.11808423388,0.025324568777570767
2493.19834117468,0.021174479675620524
2494.27821420117,0.03414093440788882
2495.35770344508,0.04251549924673815
2496.43680903804,0.051621254570501415
2497.51553111163,0.04949198819964897
2498.59386979734,0.04752424409003027
2499.67182522659,0.04805335863873219
2500.74939753073,0.04514433048571635
2501.82658684103,0.04449537218329559
2502.90339328871,0.022128492771485153
2503.97981700486,0.019516916212454993
2505.05585812056,0.022500919251898968
2506.13151676677,0.01919875152859615
2507.20679307441,0.014565057596299554
2508.2816871743,0.006860816616958351
2509.3561991972,0.012092565528210945
2510.43032927379,0.020784954317232828
2511.50407753469,0.025792993268580137
2512.57744411043,0.031114840533756242
2513.65042913146,0.03137481899655608
2514.72303272819,0.03639782983045173
2515.79525503093,0.035934540224919216
2516.86709616992,0.030282231686810726
2517.93855627533,0.02396967249400546
2519.00963547725,0.018343560661208288
2520.08033390571,0.01278186725558952
2521.15065169066,0.011784625126074675
2522.22058896198,0.013940622514746304
2523.29014584947,0.02030250948499032
2524.35932248286,0.023835110071782545
2525.42811899181,0.026116627425119537
2526.49653550589,0.0305199279532915
2527.56457215464,0.03882092721233689
2528.63222906748,0.04413652946844156
2529.69950637378,0.04138506031677574
2530.76640420283,0.040859481248780256
2531.83292268386,0.04020897529348918
2532.89906194601,0.047619199997239126
2533.96482211835,0.04877658256250542
2535.03020332991,0.041906546430022965
2536.09520570959,0.04399062500127703
2537.15982938626,0.0374216315205654
2538.22407448871,0.033837651289876196
2539.28794114564,0.023592572122772826
2540.3514294857,0.016580503323053046
2541.41453963746,0.01698202590781698
2542.47727172942,0.016578979298335777
2543.53962588999,0.02346911154877417
2544.60160224753,0.026360344597708973
2545.66320093032,0.02355073694192958
2546.72442206656,0.028777200660201965
2547.7852657844,0.01882714994132265
2548.84573221189,0.0202840530333345
2549.90582147702,0.015865151508754022
2550.96553370772,0.01335723745046097
2552.02486903183,0.0229163303847732
2553.08382757713,0.03084899821717225
2554.14240947133,0.041503096949366124
2555.20061484204,0.03837827796996687
2556.25844381685,0.03990426273206276
2557.31589652322,0.03758064486993563
2558.37297308858,0.029159615604350007
2559.42967364028,0.040623013571590746
2560.48599830559,0.04011948969020949
2561.54194721171,0.0428240142440841
2562.59752048577,0.04803332528443108
2563.65271825483,0.05132301369564551
2564.70754064589,0.05123780636166279
2565.76198778585,0.046045282693951084
2566.81605980156,0.051826171905116174
2567.8697568198,0.04317434219428557
2568.92307896727,0.032679195457759054
2569.9760263706,0.04581555819978888
2571.02859915635,0.05206198180469287
2572.08079745102,0.05990648734587269
2573.13262138101,0.0591925087451165
2574.18407107268,0.0687096394500159
2575.23514665231,0.07028952199242558
2576.28584824609,0.06918062988491917
2577.33617598017,0.06171048806395547
2578.38612998061,0.0503307843086649
2579.4357103734,0.043967177697706916
2580.48491728446,0.06542102810044605
2581.53375083965,0.030800649595009524
2582.58221116474,0.007331280369720384
2583.63029838545,0.0
2584.67801262742,0.0
2585.72535401622,0.0
2586.77232267734,0.0
2587.81891873621,0.0
2588.86514231819,0.0
2589.91099354857,0.023599130235159506
2590.95647255257,0.04346211710059302
2592.00157945533,0.020117144647719243
2593.04631438193,0.02352266446661776
2594.09067745737,0.030172561807091373
2595.1346688066,0.04000797548008511
2596.17828855447,0.047139912781899745
2597.22153682579,0.04693327710805649
2598.26441374528,0.05508575151126587
2599.30691943759,0.05722676033525093
2600.34905402731,0.06010092692961298
2601.39081763897,0.060599106814532386
2602.43221039699,0.06104177351809924
2603.47323242577,0.05509207616295115
2604.5138838496,0.049359422816386084
2605.55416479273,0.046370436196004575
2606.59407537931,0.03900244894720826
2607.63361573346,0.04128348133148812
2608.67278597919,0.04177318258425381
2609.71158624047,0.041749327398463314
2610.75001664118,0.046579225699518334
2611.78807730514,0.048379737571795166
2612.8257683561,0.0475819886467184
2613.86308991774,0.03898130883693041
2614.90004211368,0.03824657320984218
2615.93662506745,0.04191876178634653
2616.97283890253,0.03469946518218611
2618.00868374232,0.032671570168037956
2619.04415971015,0.02715089823080077
2620.07926692928,0.030928419168421338
2621.11400552292,0.03516278849996974
2622.14837561419,0.035925175620342996
2623.18237732615,0.03922162334617219
2624.21601078178,0.03757958977253694
2625.249276104,0.04420574136874228
2626.28217341567,0.04284346828034842
2627.31470283956,0.033290133254134685
2628.34686449839,0.033364106432575966
2629.3786585148,0.03270818000972776
2630.41008501137,0.028515581720431993
2631.4411441106,0.029251117790329552
2632.47183593493,0.024549121493098878
2633.50216060673,0.030857444588337033
2634.53211824829,0.027978621463088323
2635.56170898186,0.030124770799468816
2636.59093292959,0.030617559645584144
2637.61979021358,0.039664056079353256
2638.64828095585,0.04698476054481281
2639.67640527837,0.03998332715150147
2640.70416330301,0.03316082863095073
2641.73155515161,0.02807544845215793
2642.75858094591,0.02712017357317071
2643.7852408076,0.032458162789232546
2644.81153485829,0.02930295223319206
2645.83746321954,0.03257976152862571
2646.86302601282,0.03543616506567267
2647.88822335955,0.04220513122989067
2648.91305538106,0.03757800645013655
2649.93752219864,0.028121788992344895
2650.96162393349,0.02893067000169893
2651.98536070675,0.0313457113882214
2653.0087326395,0.03145825947500073
2654.03173985273,0.036097233239656794
2655.05438246738,0.030437268350061657
2656.07666060433,0.032448737081410536
2657.09857438437,0.03743379311039978
2658.12012392824,0.03420202058277516
2659.14130935659,0.02611973232887447
2660.16213079004,0.016326792188210315
2661.1825883491,0.01114174883863708
2662.20268215424,0.013423939750213014
2663.22241232586,0.010688479030623263
2664.24177898428,0.018230619262133603
2665.26078224977,0.013858730666115704
2666.27942224251,0.02883247566186046
2667.29769908263,0.02865442540152047
2668.3156128902,0.03128140570731262
2669.33316378519,0.027293983983058545
2670.35035188754,0.023436544526908056
2671.3671773171,0.01984767983622412
2672.38364019366,0.021477103494298936
2673.39974063694,0.026670427920586576
2674.41547876659,0.031209696740297995
2675.43085470222,0.028176502987303946
2676.44586856332,0.022716577833303556
2677.46052046937,0.0075042443248895105
2678.47481053974,0.006753973461707157
2679.48873889377,0.004308708013962692
2680.50230565069,0.01002559242104219
2681.51551092969,0.0027252083775395446
2682.52835484991,0.004867915797677576
2683.54083753039,0.015387393470799957
2684.55295909011,0.010317588897109214
2685.56471964799,0.009536704230744951
2686.5761193229,0.0011664841526627153
2687.58715823361,0.0
2688.59783649885,0.0
2689.60815423727,0.0
2690.61811156746,0.0
2691.62770860793,0.0
2692.63694547714,0.009187312614463218
2693.64582229349,0.015847495029687936
2694.65433917528,0.012916241338525912
2695.66249624078,0.019465780900114145
2696.67029360817,0.014326936011443138
2697.67773139559,0.009198932609649458
2698.68480972108,0.015321344488657344
2699.69152870263,0.0
2700.69788845818,0.007046917027521888
2701.70388910558,0.00471441607335681
2702.70953076262,0.019124875515567654
2703.71481354702,0.019818084737423046
2704.71973757646,0.027919484111520957
2705.72430296852,0.026454199825140367
2706.72850984073,0.023187378810354306
2707.73235831056,0.016079410124295403
2708.7358484954,0.01998115422460284
2709.73898051259,0.007737816610373396
2710.74175447939,0.006771363087413138
2711.74417051301,0.0
2712.74622873056,0.0034182834288761146
2713.74792924914,0.0
2714.74927218573,0.004139939081477457
2715.75025765728,0.0027249622544742134
2716.75088578066,0.003092064769387479
2717.75115667268,0.007074920484754958
2718.75107045008,0.00702352726082337
2719.75062722953,0.010221460665251175
2720.74982712766,0.009327967442649639
2721.74867026099,0.012787577458701757
2722.74715674601,0.020027554237000415
2723.74528669915,0.013922664766752895
2724.74306023674,0.017521484112210075
2725.74047747508,0.025889659050211726
2726.73753853039,0.03130958195756578
2727.73424351881,0.04195538998137149
2728.73059255644,0.037719179302324414
2729.72658575931,0.0463203742919804
2730.72222324337,0.048514598138118696
2731.71750512452,0.04979073336395131
2732.71243151859,0.04000615369895788
2733.70700254134,0.021518361370408457
2734.70121830849,0.02039235393535132
2735.69507893565,0.017018717225837837
2736.68858453841,0.01848833366040314
2737.68173523226,0.019114808138681376
2738.67453113266,0.019700930212913876
2739.66697235498,0.02693707236006406
2740.65905901453,0.03608655323212158
2741.65079122656,0.03468481121677298
2742.64216910625,0.030517260740644068
2743.63319276873,0.02237908562967533
2744.62386232904,0.023627268763006654
2745.61417790218,0.009871666072838282
2746.60413960308,0.020814677076596375
2747.59374754659,0.017166373788045485
2748.58300184752,0.016831231645018395
2749.57190262059,0.015212808153428825
2750.56044998048,0.02166134043721046
2751.54864404179,0.021043904194622376
2752.53648491906,0.023871688884706737
2753.52397272677,0.029473864393356777
2754.51110757933,0.037840346115667424
2755.49788959109,0.04504049632139351
2756.48431887634,0.05852002858159338
2757.47039554929,0.0506543166860888
2758.4561197241,0.042022906946030704
2759.44149151487,0.034237989228968924
2760.42651103562,0.03459485706587761
2761.41117840032,0.030725213550712283
2762.39549372287,0.016660380526524965
2763.37945711711,0.021108267130919754
2764.36306869681,0.0266224418439662
2765.34632857569,0.029471637088472877
2766.32923686738,0.027151444447932813
2767.31179368548,0.01811055182607438
2768.29399914351,0.016116518274908537
2769.27585335491,0.02203626307914152
2770.25735643308,0.018428410537711108
2771.23850849135,0.013600471996567083
2772.219309643,0.0028342669710305223
2773.19976000121,0.0166306594175535
2774.17985967913,0.020681452718341195
2775.15960878984,0.01645515885867857
2776.13900744635,0.020678325495681292
2777.1180557616,0.010241667026766847
2778.09675384848,0.021055384990586297
2779.07510181983,0.017741572463271703
2780.05309978839,0.01701494101265862
2781.03074786686,0.0206769007253384
2782.00804616788,0.02885079691455146
2782.98499480402,0.0429662595877266
2783.96159388779,0.039349565482082634
2784.93784353164,0.03496551750348431
2785.91374384793,0.027204891902478705
2786.889294949,0.017877529844849527
2787.86449694709,0.014843084274630188
2788.83934995442,0.0
2789.81385408309,0.0028874171300953795
2790.78800944519,0.01318527810781332
2791.76181615272,0.023923834107924306
2792.73527431761,0.02253533107147594
2793.70838405176,0.01995672479935589
2794.68114546698,0.03058586830635371
2795.65355867502,0.029207846783391212
2796.62562378758,0.030918433718367076
2797.59734091629,0.027942397045453374
2798.56871017271,0.017851320901394883
2799.53973166835,0.027669919840574035
2800.51040551465,0.03038690986920319
2801.480731823,0.024501618660291248
2802.45071070471,0.022372177748758874
2803.42034227104,0.023263430538853963
2804.38962663318,0.038767982658025765
2805.35856390227,0.030973041949124334
2806.32715418937,0.03311196886183487
2807.29539760549,0.04242172448104176
2808.26329426158,0.0480717206539019
2809.23084426852,0.061945207632760055
2810.19804773713,0.05746517159552663
2811.16490477816,0.06204496219604093
2812.13141550233,0.06700013353504351
2813.09758002026,0.06657481689601735
2814.06339844253,0.0681638788817579
2815.02887087965,0.04824221969360505
2815.99399744206,0.05026361474375047
2816.95877824016,0.052323559325966315
2817.92321338428,0.05479877392159429
2818.88730298467,0.05701148097313602
2819.85104715155,0.05576595788927141
2820.81444599505,0.060549118224748864
2821.77749962525,0.05349696278953951
2822.74020815217,0.05491677401957291
2823.70257168578,0.04803114208073981
2824.66459033595,0.047116112884356
2825.62626421254,0.04553531010233979
2826.5875934253,0.049688182036694326
2827.54857808396,0.05843049312796691
2828.50921829815,0.06498559175171448
2829.46951417748,0.07007487265578106
2830.42946583146,0.0747408036298874
2831.38907336956,0.0683182714765845
2832.3483369012,0.08201599727413401
2833.3072565357,0.08297718759810696
2834.26583238235,0.0798302073391064
2835.22406455038,0.06178486046291919
2836.18195314895,0.05304523307518461
2837.13949828714,0.03425674071213556
2838.09670007401,0.008536981651356013
2839.05355861854,0.0
2840.01007402962,0.0
2840.96624641613,0.0
2841.92207588685,0.03975303218315344
