Power,Raman Shift (cm⁻¹),Norm. Intensity,Prominence
40%,516.0,0.2693,0.2241
40%,542.8,0.454,0.4363
40%,569.5,0.3941,0.3941
40%,596.1,0.2541,0.2541
40%,631.2,0.2783,0.2783
40%,664.4,0.3631,0.3631
40%,690.4,0.1869,0.1447
40%,721.5,0.2348,0.2348
40%,748.9,0.289,0.2381
40%,777.8,0.5371,0.1986
40%,808.3,0.6922,0.6922
40%,838.5,0.2846,0.0798
40%,865.3,0.6589,0.4699
40%,913.3,0.3745,0.2827
40%,939.6,0.3109,0.1796
40%,969.0,0.2475,0.2475
40%,993.3,0.2949,0.2949
40%,1027.2,0.3049,0.1478
40%,1057.6,0.6164,0.1521
40%,1087.8,1.0,1.0
40%,1111.5,0.4793,0.1996
40%,1158.5,0.2089,0.2089
40%,1192.6,0.1974,0.1974
40%,1224.9,0.1986,0.1894
40%,1264.6,0.3159,0.3159
40%,1290.4,0.2768,0.2006
40%,1316.0,0.3758,0.0545
40%,1338.4,0.6143,0.4915
40%,1363.7,0.5769,0.2475
40%,1405.0,0.5425,0.3248
40%,1437.2,0.55,0.1946
40%,1461.9,0.6655,0.6655
40%,1486.5,0.231,0.1589
40%,1525.1,0.1619,0.1619
40%,1559.2,0.346,0.2446
40%,1585.9,0.3563,0.3563
40%,1609.7,0.3354,0.2952
40%,1633.4,0.1672,0.0938
40%,1654.1,0.3391,0.3334
40%,1685.7,0.1844,0.1844
40%,1712.9,0.1993,0.1993
40%,1746.7,0.3342,0.3342
40%,1770.9,0.2116,0.2094
40%,1796.2,0.2829,0.2829
40%,1820.0,0.1749,0.1281
40%,1842.4,0.2682,0.2682
40%,1872.4,0.2499,0.2472
40%,1908.7,0.2892,0.2892
40%,1944.6,0.1845,0.155
40%,1964.9,0.1557,0.1557
40%,1996.5,0.2208,0.1776
50%,510.6,0.2375,0.1866
50%,541.0,0.3651,0.3362
50%,569.5,0.1988,0.0661
50%,597.8,0.1517,0.0848
50%,631.2,0.2212,0.2212
50%,660.9,0.2319,0.2319
50%,695.6,0.1613,0.1613
50%,721.5,0.2329,0.2329
50%,793.1,0.6636,0.6636
50%,821.8,0.4747,0.0626
50%,861.9,0.6326,0.4578
50%,888.5,0.349,0.0912
50%,913.3,0.2949,0.1755
50%,939.6,0.2074,0.0763
50%,969.0,0.1273,0.1273
50%,1015.9,0.2549,0.2072
50%,1064.0,0.5929,0.072
50%,1089.4,1.0,1.0
50%,1114.6,0.4274,0.1418
50%,1138.2,0.175,0.0762
50%,1180.2,0.213,0.213
50%,1229.5,0.162,0.1416
50%,1257.0,0.2356,0.2312
50%,1279.8,0.2197,0.1803
50%,1314.5,0.3635,0.1198
50%,1339.9,0.491,0.1242
50%,1363.7,0.5349,0.3337
50%,1402.1,0.4561,0.1859
50%,1435.8,0.4196,0.04
50%,1460.5,0.6646,0.6646
50%,1483.6,0.2465,0.083
50%,1520.8,0.1428,0.1428
50%,1545.0,0.1721,0.1721
50%,1569.1,0.2277,0.0994
50%,1590.1,0.3112,0.2337
50%,1618.1,0.3593,0.3593
50%,1650.0,0.1952,0.059
50%,1670.6,0.2444,0.1764
50%,1693.9,0.1665,0.1212
50%,1726.5,0.1863,0.1815
50%,1749.4,0.2963,0.2963
50%,1772.2,0.2184,0.133
50%,1800.2,0.1736,0.154
50%,1820.0,0.2519,0.2434
50%,1842.4,0.2795,0.2795
50%,1876.3,0.2542,0.2542
50%,1900.9,0.2435,0.2435
50%,1926.7,0.2376,0.1978
50%,1961.1,0.2538,0.2538
50%,1996.5,0.2263,0.1481
60%,516.0,0.2739,0.1723
60%,542.8,0.4587,0.3939
60%,569.5,0.2206,0.2206
60%,596.1,0.1549,0.1429
60%,622.5,0.1672,0.162
60%,662.7,0.2129,0.2129
60%,695.6,0.1511,0.1511
60%,721.5,0.2155,0.2155
60%,752.3,0.2384,0.2384
60%,788.0,0.578,0.0815
60%,813.3,0.7192,0.7192
60%,861.9,0.6398,0.4984
60%,895.1,0.2816,0.1019
60%,924.8,0.2913,0.1883
60%,969.0,0.1143,0.1143
60%,1001.4,0.2357,0.2357
60%,1035.2,0.2487,0.1891
60%,1059.2,0.6511,0.1989
60%,1094.1,1.0,1.0
60%,1124.1,0.3328,0.0884
60%,1169.4,0.1638,0.1638
60%,1194.2,0.0871,0.0871
60%,1218.8,0.1777,0.1757
60%,1246.4,0.233,0.2228
60%,1269.2,0.2151,0.1875
60%,1294.9,0.1531,0.0748
60%,1317.5,0.4,0.1662
60%,1345.9,0.5568,0.3729
60%,1371.1,0.5134,0.156
60%,1399.2,0.4392,0.1382
60%,1438.7,0.4588,0.1069
60%,1460.5,0.6738,0.6738
60%,1483.6,0.1534,0.0474
60%,1515.1,0.1474,0.1474
60%,1559.2,0.3111,0.2917
60%,1581.7,0.2585,0.1486
60%,1609.7,0.3912,0.3912
60%,1637.5,0.22,0.1235
60%,1658.2,0.2476,0.1549
60%,1678.8,0.1857,0.1795
60%,1703.4,0.0692,0.0692
60%,1726.5,0.1677,0.154
60%,1754.8,0.2424,0.2424
60%,1784.2,0.1389,0.1175
60%,1820.0,0.2028,0.2028
60%,1842.4,0.1996,0.1996
60%,1869.8,0.1312,0.0719
60%,1889.3,0.1662,0.1662
60%,1913.8,0.2116,0.206
60%,1942.0,0.1261,0.1183
60%,1961.1,0.2326,0.2326
60%,1996.5,0.2042,0.1507
70%,505.2,0.1851,0.103
70%,546.4,0.3764,0.3282
70%,576.6,0.1384,0.1239
70%,608.4,0.1725,0.1569
70%,667.9,0.1785,0.1785
70%,726.6,0.1969,0.1969
70%,801.5,0.6938,0.6938
70%,828.5,0.3067,0.0513
70%,860.3,0.6704,0.4382
70%,895.1,0.3348,0.1696
70%,924.8,0.2807,0.1246
70%,960.8,0.07,0.07
70%,1007.9,0.2308,0.2106
70%,1062.4,0.6432,0.2046
70%,1087.8,1.0,1.0
70%,1116.2,0.4141,0.0706
70%,1141.3,0.2167,0.1359
70%,1183.3,0.1288,0.1288
70%,1224.9,0.17,0.1135
70%,1260.1,0.2269,0.2269
70%,1305.5,0.1994,0.1074
70%,1328.0,0.4975,0.1344
70%,1350.3,0.5208,0.3219
70%,1372.6,0.4843,0.1444
70%,1397.7,0.4824,0.199
70%,1434.3,0.3894,0.074
70%,1460.5,0.7076,0.7076
70%,1493.6,0.1895,0.1681
70%,1536.5,0.0808,0.0808
70%,1573.3,0.2066,0.1844
70%,1599.9,0.1985,0.1703
70%,1622.3,0.2419,0.2419
70%,1651.3,0.2291,0.1707
70%,1672.0,0.2063,0.0902
70%,1698.0,0.145,0.1328
70%,1723.8,0.1206,0.1135
70%,1754.8,0.2249,0.2249
70%,1781.6,0.1508,0.1126
70%,1804.2,0.0888,0.0888
70%,1827.9,0.1855,0.1855
70%,1855.5,0.1607,0.149
70%,1890.6,0.1623,0.0811
70%,1917.7,0.1988,0.1861
70%,1952.2,0.2318,0.2204
70%,1988.9,0.2551,0.1304
