raman_shift,intensity
200.839100642937,0.1197610372212531
202.752477416265,0.11254872437602215
204.665128695269,0.1115822405188202
206.577054818363,0.11562694670749421
208.488256123717,0.12344820399989118
210.398732949297,0.13381137345385843
212.308485632848,0.14771761189886692
214.217514511893,0.15458860196444357
216.125819923733,0.16412135608356535
218.033402205458,0.1725288516643985
219.940261693931,0.18078999074134305
221.8463987258,0.1835974813135745
223.751813637493,0.18114451703688184
225.656506765223,0.1748691469908756
227.560478444981,0.16521453324493426
229.463729012537,0.14995261126350015
231.366258803453,0.1292895789603615
233.268068153067,0.10504377438623673
235.169157396496,0.0813830139221376
237.069526868645,0.058656882995221156
238.9691769042,0.042252299850518205
240.868107837636,0.029683598229712938
242.766320003197,0.019138651515349776
244.66381373492,0.008633766633533284
246.560589366629,0.004433038765064162
248.456647231922,0.003130817177645487
250.351987664188,0.0009236846121580998
252.246610996595,0.0015095849553698455
254.140517562102,0.003686235228287375
256.033707693441,0.002985069913130538
257.926181723144,0.009045584668088167
259.817939983512,0.014173350230870126
261.708982806638,0.015620546536639824
263.599310524403,0.015660045843190702
265.488923468469,0.013599128123224112
267.377821970284,0.012455123386913534
269.26600636108,0.004821627671339524
271.153476971878,0.00284531921244369
273.040234133483,0.0017474465154868602
274.926278176486,0.0
276.811609431265,0.0
278.69622822798,0.002870122986633134
280.580134896583,0.004616470084858621
282.463329766813,0.004921684069385728
284.345813168189,0.0038119786014269652
286.227585430024,0.0
288.108646881416,0.0
289.988997851247,0.002832635854894564
291.868638668191,0.007129732092141325
293.747569660709,0.006447661938680466
295.625791157048,0.008463113232197563
297.503303485239,0.014445770109453065
299.380106973114,0.01918698824294149
301.256201948281,0.023304699312494834
303.131588738137,0.027896637166986583
305.006267669878,0.0279581958077745
306.880239070475,0.033368177501891826
308.753503266698,0.03537189539296819
310.626060585104,0.038311983496426213
312.49791135204,0.037427487018355826
314.369055893634,0.03928254988920191
316.239494535816,0.040973615309972525
318.109227604295,0.042630066160430254
319.978255424579,0.04275565514596009
321.846578321964,0.047607055660209195
323.714196621529,0.05002981883906929
325.581110648151,0.05549850183152511
327.447320726491,0.053240508711386324
329.312827181013,0.05307436957673256
331.177630335957,0.05287423938833107
333.041730515366,0.04990767907811014
334.905128043067,0.04766304737008515
336.767823242679,0.04068002859085211
338.629816437613,0.03624736296515077
340.491107951078,0.038427099159778766
342.351698106067,0.04152514852914209
344.211587225367,0.0450860313049734
346.070775631559,0.04593590614157972
347.929263647009,0.04713955945585654
349.787051593894,0.05003273768234477
351.644139794162,0.050840147593174734
353.500528569564,0.051830190732686444
355.356218241648,0.046333291669562494
357.211209131747,0.044202776026320965
359.065501560986,0.043694669910273376
360.919095850299,0.04750842577953324
362.771992320395,0.050499835996036975
364.624191291785,0.05039954627831986
366.475693084774,0.049824980632472086
368.326498019464,0.048825362014095965
370.176606415744,0.048113946735335617
372.026018593304,0.04503743863223154
373.874734871624,0.04033444139560975
375.722755569981,0.03673170718707568
377.570081007447,0.03625272157405369
379.416711502885,0.037378900370240435
381.262647374964,0.03898469038955384
383.107888942135,0.03429109612821523
384.952436522655,0.03552265928999951
386.79629043457,0.03278977740166373
388.639450995721,0.0363668678200023
390.481918523754,0.03881325976893072
392.323693336104,0.04407717027702153
394.164775750001,0.053070303046175514
396.005166082479,0.06149823339982461
397.844864650357,0.0664928666888231
399.683871770265,0.07265296759006092
401.522187758617,0.08012158102801556
403.359812931632,0.09014517352477083
405.196747605327,0.09530600884197259
407.032992095506,0.09503275133212169
408.868546717782,0.09387895791465856
410.703411787561,0.0968288500359017
412.537587620049,0.10059191379315176
414.371074530249,0.097693708619764
416.203872832957,0.09490213840867061
418.035982842777,0.09291168218848203
419.867404874105,0.09404639761720666
421.698139241136,0.09199466502009353
423.528186257867,0.08883883876100501
425.357546238092,0.08356888975839229
427.186219495403,0.08156000789405554
429.014206343187,0.0830113622458817
430.841507094647,0.08170677436479751
432.668122062767,0.0760628739077476
434.494051560343,0.06884343549700289
436.319295899961,0.06061606593774967
438.14385539401,0.05280931700687636
439.967730354691,0.04506524941326297
441.790921093985,0.0395275522797836
443.613427923692,0.03853761614831304
445.435251155401,0.03920930860720221
447.256391100504,0.0445595406543761
449.076848070199,0.04459268286976647
450.89662237548,0.04596873604116116
452.715714327145,0.047290486674461306
454.534124235792,0.05099082325595926
456.351852411821,0.05133250150630272
458.16889916543,0.04721227706698971
459.985264806626,0.040993291513247355
461.800949645216,0.040088701191556386
463.615953990806,0.03887059514531699
465.430278152804,0.03663548115125668
467.243922440422,0.031199643985289377
469.056887162678,0.028208757133146727
470.869172628391,0.026636411229434616
472.680779146182,0.028578283653295893
474.491707024468,0.025424610026646508
476.301956571482,0.026494262063382682
478.111528095253,0.027520264874279013
479.920421903618,0.026346221011413984
481.72863830421,0.020408813598613844
483.536177604474,0.01375658327953467
485.343040111651,0.010803783465325276
487.149226132797,0.0070901158541136645
488.954735974761,0.006790191955342195
490.759569944203,0.006220740923791771
492.563728347586,0.004953336887884909
494.367211491179,0.007659921878081088
496.170019681054,0.011532921578343387
497.972153223085,0.01277228810772582
499.77361242296,0.013597903173475078
501.574397586164,0.013046164859826322
503.374509017991,0.013016456390460788
505.173947023542,0.01244060549989203
506.972711907716,0.016974038692296196
508.770803975232,0.01646680962491916
510.568223530603,0.020380685422195306
512.364970878152,0.023975102424928844
514.161046322009,0.03479025042543112
515.956450166112,0.04167063320711644
517.751182714195,0.04882476417862001
519.545244269821,0.04813088070442423
521.338635136335,0.046530105266898825
523.131355616908,0.045961080553992825
524.923406014505,0.04740561131378286
526.714786631906,0.04333740742822816
528.505497771697,0.04713826902050338
530.295539736278,0.05206836235351291
532.084912827839,0.055182297170237794
533.873617348396,0.05390829862359757
535.661653599765,0.05852547150743986
537.449021883567,0.05857598048314033
539.235722501244,0.06428265809631066
541.021755754035,0.06587190205445899
542.807121942988,0.06749232511386313
544.591821368967,0.06947233197283519
546.37585433264,0.07506153458626524
548.159221134483,0.07875698966364607
549.941922074791,0.07742385926776764
551.723957453652,0.07174868766927509
553.505327570978,0.06646682272497483
555.286032726481,0.06300648816217265
557.066073219688,0.059039488476507446
558.845449349939,0.0515418871831642
560.624161416377,0.046365113512010364
562.40220971796,0.0454829404503118
564.179594553454,0.04496093843011309
565.956316221434,0.047483661695543855
567.732375020294,0.04911350200018467
569.507771248231,0.04229352043807674
571.282505203249,0.04222751929143768
573.056577183179,0.045477489996097895
574.829987485648,0.03972925573798554
576.6027364081,0.03239246941135238
578.374824247796,0.021441569274174073
580.146251301796,0.013657815364644204
581.917017866981,0.008031128498035665
583.687124240043,0.004853788049124617
585.45657071749,0.0011094180708268225
587.225357595635,0.0
588.9934851706,0.004917430607999972
590.760953738332,0.014883193996938819
592.527763594586,0.02337915811582403
594.293915034921,0.03133254926823804
596.059408354722,0.034946647015114636
597.824243849183,0.04361792159743832
599.588421813303,0.04621827050301663
601.351942541907,0.04708026947481171
603.114806329624,0.04775790916159329
604.877013470903,0.04254156281340445
606.638564260005,0.040549147114650144
608.399458991002,0.04103705047487762
610.159697957783,0.049254246674717825
611.919281454051,0.07159552810977352
613.678209773321,0.10893021764625756
615.436483208929,0.14636187109401477
617.194102054018,0.16740248085917514
618.951066601549,0.17848285631077654
620.707377144301,0.17468689628777959
622.463033974862,0.15519364900777663
624.218037385641,0.12326384150176226
625.972387668859,0.09151256784981779
627.726085116552,0.0655971668033292
629.479130020578,0.05351138448111118
631.231522672599,0.05192465029522783
632.983263364104,0.04930139429516662
634.734352386393,0.04686421470036829
636.484790030583,0.05068247150745586
638.234576587611,0.05286248951085975
639.983712348219,0.05358562745106263
641.73219760298,0.05724172042745243
643.480032642277,0.05958294911796562
645.227217756308,0.06214369344053349
646.973753235096,0.05687335390727163
648.719639368464,0.04778297109002066
650.464876446078,0.042607107504726384
652.209464757396,0.036234190180994906
653.95340459171,0.03388010211767776
655.696696238127,0.02936747300200878
657.439339985565,0.020489292018364438
659.181336122767,0.02409081964432394
660.92268493829,0.026118532717439965
662.663386720513,0.0308306741349965
664.403441757631,0.031209907159317273
666.142850337659,0.027423660012703653
667.881612748426,0.024438967367716394
669.619729277587,0.02000996481637138
671.357200212613,0.016167821280070868
673.09402584079,0.013307397009796192
674.830206449229,0.00647283271567802
676.565742324861,0.0027001963563579043
678.300633754428,0.004137599472581366
680.0348810245,0.006486145380402706
681.768484421467,0.00946725462810546
683.501444231533,0.003186897560531915
685.233760740726,0.0
686.965434234891,0.0
688.696464999701,0.0012531671466681766
690.426853320636,0.0015279625705963754
692.156599483014,3.789915473747881e-05
693.885703771959,0.0
695.614166472422,0.003117816552787799
697.341987869173,0.009169426065002742
699.069168246802,0.012244619676927415
700.795707889734,0.009073912725449235
702.521607082192,0.012463800871520063
704.246866108238,0.01632462024177487
705.97148525175,0.019638919741531334
707.695464796425,0.01754487816409107
709.418805025789,0.015167787305629829
711.141506223184,0.016060006297342264
712.863568671777,0.017330026675995522
714.584992654554,0.019426340280532285
716.305778454329,0.016497393285467572
718.025926353735,0.0178551593449512
719.745436635227,0.024126416889356576
721.464309581086,0.028181847978195795
723.182545473413,0.031242533233039802
724.900144594132,0.031948279706175364
726.617107224991,0.031467863114472375
728.333433647569,0.03003224049757016
730.049124143252,0.02806967546958761
731.764178993264,0.02825173715910572
733.47859847865,0.02702126472303555
735.19238288027,0.027504267943543825
736.905532478821,0.029179693691327852
738.618047554814,0.029717417437461025
740.329928388594,0.035142467160862806
742.041175260318,0.037787444862226086
743.751788449978,0.04298441078449359
745.461768237383,0.04363530515636903
747.171114902176,0.047368183827818086
748.879828723819,0.05130098789165813
750.587909981596,0.05665474501599599
752.295358954623,0.05920980084642211
754.00217592184,0.06202595622413485
755.708361162007,0.060028536416117925
757.413914953717,0.06239155427368102
759.118837575385,0.05989919593733207
760.82312930525,0.06025118596651224
762.52679042138,0.05471744469488862
764.229821201665,0.04792749785945601
765.932221923833,0.046150358951566266
767.633992865425,0.04785773684148093
769.335134303812,0.05210771808858944
771.035646516195,0.05408548782920926
772.735529779597,0.05333803868249393
774.434784370877,0.05417869510167703
776.133410566708,0.05902493882414516
777.831408643602,0.0661697598272902
779.528778877891,0.07252537034140831
781.225521545737,0.07593386737703098
782.921636923127,0.08791312311973584
784.61712528588,0.10295570892372478
786.311986909644,0.11985855042785747
788.006222069889,0.13398149102365162
789.699831041913,0.1447597191307088
791.392814100845,0.1532813739414083
793.085171521647,0.1615502082160243
794.776903579101,0.163979478181849
796.468010547824,0.16044806167192438
798.158492702256,0.15198975553799204
799.848350316668,0.14098741609082419
801.537583665162,0.13130053771763586
803.226193021668,0.12171322414180721
804.914178659947,0.11507303684281638
806.601540853584,0.10591476355877834
808.288279875998,0.09917274992570208
809.974396000436,0.0927621763255758
811.659889499977,0.08342227898070859
813.344760647526,0.07813574976411868
815.029009715818,0.07297856134914937
816.712636977423,0.06446250328109639
818.395642704736,0.060830965933271496
820.078027169986,0.05347201162210289
821.75979064523,0.04876606576305676
823.440933402358,0.040848063373863715
825.121455713088,0.034142755420944325
826.80135784897,0.031100999164734442
828.480640081383,0.027522567545990296
830.159302681543,0.028146390899790156
831.83734592049,0.031590833407116055
833.514770069103,0.03400313046737231
835.191575398083,0.03917765273484372
836.86776217797,0.039995717337902255
838.543330679133,0.04267923111114143
840.218281171776,0.041709772270000486
841.892613925927,0.039992613524716523
843.566329211457,0.04114024801788196
845.23942729806,0.04198650621584218
846.911908455264,0.0401247380365136
848.583772952437,0.03747523591792739
850.255021058767,0.037352531075068224
851.925653043289,0.04125574305804676
853.595669174858,0.042536443287920014
855.265069722167,0.04703574593460058
856.933854953746,0.04892971510409232
858.602025137954,0.05484909109841208
860.269580542981,0.06419269297667156
861.936521436857,0.07064804991136979
863.602848087439,0.07051367072630409
865.268560762423,0.06748637931942028
866.933659729335,0.06595476517450687
868.598145255537,0.06394674784357539
870.262017608224,0.05685904779535562
871.925277054426,0.055484480426539244
873.587923861005,0.04792484129807109
875.249958294664,0.04642779661343175
876.91138062193,0.04911989176827813
878.572191109175,0.04467621490344157
880.232390022602,0.04194855116637422
881.891977628242,0.04217442777648748
883.550954191973,0.037061862907156275
885.209319979502,0.03648562822412324
886.867075256368,0.034239353199511595
888.524220287953,0.03527734144471357
890.18075533947,0.031361876120538514
891.836680675964,0.02894688700918259
893.491996562323,0.028226669659706067
895.146703263272,0.026144264572448134
896.800801043362,0.02909852028398257
898.45429016699,0.030030412631637745
900.10717089838,0.03009145541396242
901.759443501602,0.03120338050706871
903.411108240556,0.03590361819729529
905.062165378984,0.04136934822291816
906.712615180455,0.044505554405526684
908.362457908388,0.04356985777194785
910.011693826027,0.04341469479899822
911.660323196462,0.041235454086055626
913.308346282616,0.03905091054703537
914.955763347247,0.02987331974375865
916.602574652954,0.022194633325511175
918.248780462172,0.018001522323576862
919.89438103718,0.019400309760316623
921.539376640083,0.024040812168256823
923.183767532832,0.02448241281358603
924.827553977215,0.026460266270629966
926.470736234858,0.027494230343936197
928.113314567219,0.028469519994777308
929.755289235609,0.026502256837862205
931.396660501159,0.020018411030299287
933.037428624855,0.016743656030751744
934.677593867513,0.014388015818367987
936.317156489788,0.010734012696911223
937.956116752177,0.011442294373766402
939.594474915015,0.007314665712450534
941.232231238477,0.00813191245197548
942.869385982573,0.005038177376492522
944.505939407158,0.003280895833873728
946.141891771922,0.0
947.777243336401,0.0
949.411994359964,0.0
951.046145101822,0.0
952.679695821031,0.0
954.312646776476,0.00011586442339657044
955.944998226892,0.005236344141537857
957.576750430857,0.009460525604894668
959.207903646779,0.01119728789737459
960.83845813291,0.012077439453103465
962.468414147348,0.01571400248075792
964.097771948025,0.011160292796573134
965.726531792719,0.003719917604910954
967.354693939049,0.0
968.982258644472,0.0
970.609226166283,0.0
972.235596761629,0.0
973.861370687495,0.0
975.486548200699,0.0023436078472904727
977.11112955791,0.012521883601276962
978.735115015636,0.025824276052649413
980.358504830228,0.03395895439044493
981.981299257874,0.04238274196834285
983.603498554616,0.05212644928702321
985.225102976321,0.0549310779561307
986.846112778716,0.06543347612470464
988.466528217361,0.07433380610674563
990.086349547661,0.08689035298655216
991.705577024859,0.13027862164594348
993.324210904051,0.25730376942077765
994.942251440167,0.47560088159823644
996.559698887982,0.7136204268259542
998.176553502119,0.899098469911471
999.792815537039,1.0
1001.40848524705,0.9913883118413659
1003.0235628863,0.8814421446087856
1004.63804870879,0.6824555119807996
1006.25194296835,0.43794165032882365
1007.86524591866,0.2191242536930585
1009.47795781325,0.08946176503622416
1011.09007890549,0.05035750945770031
1012.7016094486,0.041950530861876716
1014.31254969563,0.04361676835114334
1015.92289989948,0.04544235037753743
1017.5326603129,0.04817208802237573
1019.14183118849,0.051612576136077934
1020.75041277869,0.06630357814361049
1022.35840533577,0.0891720663583711
1023.96580911186,0.12256428832580024
1025.57262435893,0.15918604063027095
1027.17885132881,0.19239367499394153
1028.78449027316,0.2167951364763482
1030.38954144348,0.22937201061674434
1031.99400509112,0.22166082613559723
1033.5978814673,0.19480247627241312
1035.20117082306,0.16011275369063688
1036.80387340928,0.12484435689157394
1038.4059894767,0.09451102787000104
1040.00751927592,0.06988036531086832
1041.60846305736,0.05421010221942152
1043.20882107129,0.043490389879574536
1044.80859356784,0.03881963567286895
1046.40778079699,0.03776130822792269
1048.00638300854,0.03890107928108141
1049.60440045217,0.0350539017519211
1051.20183337738,0.04182597849742343
1052.79868203352,0.0503884035687103
1054.39494666982,0.05906375371954718
1055.99062753531,0.06664251789541165
1057.5857248789,0.07201423020029858
1059.18023894933,0.07574396588767326
1060.7741699952,0.07786389828045603
1062.36751826496,0.07949773586228662
1063.96028400689,0.07893156442337354
1065.55246746913,0.08182640789179063
1067.14406889967,0.08405584847829387
1068.73508854633,0.08500026411245394
1070.32552665682,0.08384112977995276
1071.91538347865,0.08311496963648597
1073.50465925921,0.08314510245967768
1075.09335424573,0.08689197426735394
1076.68146868527,0.08940857815032976
1078.26900282478,0.09327498703353657
1079.85595691102,0.09403111141274613
1081.44233119062,0.10028406514111471
1083.02812591005,0.10148368430995161
1084.61334131564,0.10267320602606195
1086.19797765355,0.10699843504880133
1087.78203516981,0.12483747842439821
1089.36551411028,0.11469142777242013
1090.9484147207,0.10450284978182982
1092.53073724662,0.09349584122399941
1094.11248193348,0.08429793728731602
1095.69364902654,0.07326206206890346
1097.27423877092,0.06671567709162791
1098.8542514116,0.06282136895969362
1100.43368719338,0.06538852433398837
1102.01254636096,0.07092337559373955
1103.59082915883,0.07971080288043475
1105.1685358314,0.05925216509158631
1106.74566662286,0.05142343994267714
1108.32222177731,0.04814360033903321
1109.89820153866,0.04219613173801877
1111.4736061507,0.03577991280706327
1113.04843585704,0.029688481485287764
1114.62269090118,0.026591003098627154
1116.19637152644,0.02800051597474248
1117.769477976,0.0234337832109296
1119.34201049289,0.020750633709752133
1120.91396932001,0.01955320485243428
1122.48535470009,0.019123895107664053
1124.05616687572,0.021110440418443056
1125.62640608934,0.018201207893723807
1127.19607258324,0.017021839770314254
1128.76516659958,0.010781704924938752
1130.33368838034,0.0048643143128489
1131.90163816739,0.0004470759374997655
1133.46901620242,0.0
1135.03582272699,0.0
1136.60205798251,0.0
1138.16772221025,0.0
1139.73281565131,0.0
1141.29733854666,0.001818266066387302
1142.86129113713,0.008522162144648841
1144.42467366339,0.011091486648059841
1145.98748636597,0.021231352816460915
1147.54972948525,0.033495188024570764
1149.11140326147,0.05145124848441067
1150.67250793471,0.0694073030722247
1152.23304374493,0.08520604934803797
1153.7930109319,0.09759748568556086
1155.35240973529,0.09914804205878756
1156.91124039461,0.09007880497685924
1158.4695031492,0.07967006142918438
1160.02719823829,0.06420540107061137
1161.58432590094,0.05218179809449192
1163.14088637608,0.04092484497079756
1164.69687990248,0.03459267140760714
1166.25230671877,0.034873069462094876
1167.80716706346,0.033902927850969676
1169.36146117486,0.03545248127313209
1170.91518929119,0.03638453597584387
1172.4683516505,0.04530499271051834
1174.02094849068,0.0636191323766875
1175.57298004952,0.08416589904721784
1177.12444656462,0.10578593255703145
1178.67534827347,0.12100159499709534
1180.22568541338,0.13166624439691993
1181.77545822155,0.14097001985764568
1183.32466693502,0.1348602379372959
1184.87331179068,0.12453786439763352
1186.4213930253,0.107942894946585
1187.96891087548,0.09068345007801107
1189.51586557769,0.07818776275763843
1191.06225736825,0.07664437285696422
1192.60808648335,0.077458639095628
1194.15335315901,0.08384596909809927
1195.69805763113,0.09311911168390752
1197.24220013547,0.10665190094857947
1198.78578090762,0.11485479360916527
1200.32880018306,0.12121574971315711
1201.8712581971,0.1159681005229081
1203.41315518492,0.10478009451927096
1204.95449138156,0.09252082459473548
1206.49526702192,0.08105852210179786
1208.03548234073,0.06488844407453093
1209.57513757262,0.05116813137275788
1211.11423295205,0.03847491892220644
1212.65276871333,0.02955579015950753
1214.19074509067,0.02737365599526604
1215.72816231809,0.027625434468250824
1217.26502062949,0.02420372668178275
1218.80132025863,0.027865169080983212
1220.33706143912,0.028518127552019604
1221.87224440445,0.030161177277635884
1223.40686938793,0.027629478473424982
1224.94093662277,0.021788417169519993
1226.47444634202,0.01934382362343002
1228.00739877856,0.014662140453769948
1229.53979416519,0.01303870664075549
1231.07163273453,0.010521452280021076
1232.60291471905,0.009426257549730295
1234.1336403511,0.011813846032738391
1235.6638098629,0.011971016592248973
1237.1934234865,0.012152234570036759
1238.72248145383,0.012779915614522476
1240.25098399667,0.01248087645453144
1241.77893134666,0.018955406289313522
1243.30632373531,0.020930363487735852
1244.83316139398,0.023458597242972723
1246.35944455389,0.024460089370120983
1247.88517344612,0.025470183206995636
1249.41034830163,0.02512241964831124
1250.9349693512,0.023724696242707722
1252.45903682551,0.021041315782452913
1253.98255095508,0.016483560692068175
1255.5055119703,0.014275003267651123
1257.02792010141,0.014413696968885418
1258.54977557853,0.014153192985394698
1260.0710786316,0.01552408533171342
1261.59182949048,0.012128128764700945
1263.11202838484,0.014165273799752057
1264.63167554425,0.019068591459059252
1266.1507711981,0.020018304334704928
1267.66931557568,0.022364449212351766
1269.18730890613,0.018678286132173844
1270.70475141843,0.020827800194973833
1272.22164334145,0.019050599286753074
1273.73798490391,0.020042217949017588
1275.2537763344,0.017262589323013118
1276.76901786135,0.013341792133514812
1278.28370971308,0.013032765801815683
1279.79785211775,0.012621959592274967
1281.3114453034,0.010545625778402934
1282.82448949793,0.007720650240682532
1284.33698492908,0.004769533985619069
1285.84893182448,0.004363946691788253
1287.36033041161,0.004554632237012268
1288.87118091781,0.007890052588588346
1290.3814835703,0.00979651094894451
1291.89123859614,0.01438234369522386
1293.40044622227,0.0194510973030056
1294.90910667548,0.02518949320217848
1296.41722018244,0.03100690307581158
1297.92478696967,0.029775723023015534
1299.43180726356,0.0292545284282261
1300.93828129036,0.029938675211866824
1302.44420927617,0.032651177291573116
1303.94959144699,0.034382957992550534
1305.45442802866,0.0340294912506407
1306.95871924687,0.03469037096168846
1308.4624653272,0.0369805907068252
1309.96566649509,0.04162370056526751
1311.46832297584,0.047483464123750777
1312.9704349946,0.045612870033474424
1314.47200277641,0.05194098283866294
1315.97302654615,0.06031362570659237
1317.47350652859,0.06941110098571547
1318.97344294835,0.07337360038270811
1320.47283602991,0.07692828268311018
1321.97168599762,0.08055815930658615
1323.4699930757,0.08416024788006803
1324.96775748824,0.08387276816413021
1326.46497945918,0.08228809889172031
1327.96165921232,0.0734136565121435
1329.45779697135,0.07315783210215458
1330.95339295982,0.07477484224344094
1332.44844740112,0.07172611102966217
1333.94296051854,0.06851922983380968
1335.43693253521,0.06569379719666874
1336.93036367414,0.0625389841638983
1338.42325415821,0.060324184101109034
1339.91560421015,0.05521805048230697
1341.40741405256,0.05329473344259315
1342.89868390791,0.04808930518838746
1344.38941399855,0.048085223105958586
1345.87960454667,0.04678823014811427
1347.36925577434,0.03967042619938658
1348.8583679035,0.039060416688896774
1350.34694115596,0.03705978321914829
1351.83497575338,0.03473699828919461
1353.3224719173,0.035591243824573855
1354.80942986913,0.03685889754609911
1356.29584983013,0.03650574565732795
1357.78173202145,0.032710332363317406
1359.26707666407,0.03022501929333796
1360.7518839789,0.026983093294164897
1362.23615418665,0.025334327071500122
1363.71988750794,0.028544911085122065
1365.20308416325,0.030456126334721896
1366.68574437291,0.029975911036882952
1368.16786835714,0.03302818539104419
1369.64945633602,0.033290192935740225
1371.13050852949,0.03208631232065069
1372.61102515737,0.02824205860132687
1374.09100643934,0.026256984825992844
1375.57045259496,0.023273524322708548
1377.04936384364,0.019345019182532803
1378.52774040467,0.01231596627847233
1380.00558249722,0.005507583058533888
1381.48289034029,0.0003222793986446088
1382.9596641528,0.0
1384.43590415349,0.0
1385.91161056101,0.0016940677562966243
1387.38678359386,0.0018539677991979103
1388.8614234704,0.007042072695773812
1390.33553040888,0.01192513302522651
1391.8091046274,0.011639416482984371
1393.28214634394,0.012946219838024041
1394.75465577636,0.015364612557789249
1396.22663314236,0.019120098408700853
1397.69807865954,0.020492384607501673
1399.16899254534,0.019333356698222212
1400.63937501711,0.017485826260292638
1402.10922629203,0.011490201677677205
1403.57854658717,0.011930348191431695
1405.04733611947,0.010003855472824102
1406.51559510573,0.00781819249161111
1407.98332376263,0.012213090893469702
1409.45052230672,0.012665026070855508
1410.91719095442,0.01814411797002638
1412.38332992202,0.021038940803467354
1413.84893942567,0.021002868272730027
1415.31401968141,0.018973766184998356
1416.77857090513,0.016398620720717055
1418.24259331261,0.01723040810473532
1419.70608711949,0.016219862789263982
1421.16905254129,0.014900338223054529
1422.63148979339,0.013000475830530211
1424.09339909104,0.010971592115536449
1425.55478064938,0.013698527946461142
1427.0156346834,0.01847405707264972
1428.47596140798,0.0213864909245015
1429.93576103785,0.023476692329636905
1431.39503378764,0.025592570502616516
1432.85377987182,0.02974608042494863
1434.31199950476,0.035243495630279904
1435.76969290068,0.03923058485021303
1437.22686027369,0.04632711044453258
1438.68350183777,0.05095413700436948
1440.13961780675,0.05816922404056407
1441.59520839436,0.06343980186564774
1443.05027381419,0.06754282825772932
1444.5048142797,0.06887763288925741
1445.95883000423,0.07096170530352519
1447.41232120099,0.07374431259437399
1448.86528808306,0.07754318472087497
1450.3177308634,0.07948303413979234
1451.76964975483,0.08103413387253725
1453.22104497006,0.07891665612423084
1454.67191672166,0.0796984218681971
1456.12226522207,0.07368860619037383
1457.57209068362,0.06858657356790986
1459.0213933185,0.061532837591549074
1460.47017333878,0.05618071061219243
1461.9184309564,0.054510328239292555
1463.36616638317,0.05306827524848626
1464.81337983079,0.05410686850644728
1466.26007151082,0.05207596908930706
1467.70624163469,0.05143592948480966
1469.15189041371,0.053359394027189214
1470.59701805907,0.05128707578157551
1472.04162478183,0.04615428225118788
1473.48571079292,0.03860669049679233
1474.92927630314,0.03603218084883193
1476.37232152319,0.03659024016317273
1477.81484666361,0.035662167424356815
1479.25685193484,0.035759349813126645
1480.69833754718,0.03219255473058001
1482.13930371082,0.031123788262987083
1483.57975063581,0.0341250269302424
1485.01967853208,0.03261947203097221
1486.45908760943,0.02823060011393359
1487.89797807756,0.02582877837311387
1489.336350146,0.026090549091890354
1490.7742040242,0.024056842582636788
1492.21153992146,0.023269941346268766
1493.64835804696,0.023671024962784535
1495.08465860977,0.023020958644773826
1496.52044181881,0.02388894013186735
1497.9557078829,0.027054906425381286
1499.39045701072,0.024131417979803726
1500.82468941082,0.02254948760747049
1502.25840529165,0.023656013097616543
1503.69160486153,0.023682100584958395
1505.12428832864,0.025120465956858035
1506.55645590104,0.027601643161332613
1507.98810778668,0.028888456754738973
1509.41924419338,0.026039673564013554
1510.84986532883,0.026792554731181754
1512.2799714006,0.02583418289257997
1513.70956261615,0.02070113904011752
1515.13863918279,0.015178935164225672
1516.56720130773,0.01356101504599059
1517.99524919805,0.01237997191214467
1519.4227830607,0.011402613004189825
1520.84980310252,0.010473400360506462
1522.27630953022,0.008683610581770782
1523.70230255038,0.008583778611625839
1525.12778236947,0.011669346582118299
1526.55274919384,0.011814370475518001
1527.97720322969,0.009030106453518505
1529.40114468314,0.005798535339804583
1530.82457376015,0.003568341102821741
1532.24749066658,0.002081762044649256
1533.66989560815,6.597773537856267e-05
1535.09178879049,0.0
1536.51317041907,0.0
1537.93404069926,0.0
1539.3543998363,0.0
1540.77424803532,0.0
1542.19358550131,0.00230058477692548
1543.61241243916,0.0035927399969964196
1545.03072905361,0.00378692722206907
1546.44853554932,0.006184771239485565
1547.86583213078,0.007874638024166186
1549.28261900239,0.0072333563396698095
1550.69889636843,0.006649329274735826
1552.11466443305,0.007961437519403003
1553.52992340027,0.010376588612624572
1554.94467347401,0.012806922913040149
1556.35891485805,0.013245386186975652
1557.77264775607,0.007680132209475563
1559.1858723716,0.006755307396222382
1560.59858890807,0.008324803192222889
1562.0107975688,0.010341971885403973
1563.42249855697,0.010890927434341703
1564.83369207563,0.013625240289491311
1566.24437832774,0.012559238085914139
1567.65455751613,0.018671532342081094
1569.06422984349,0.01999496135850425
1570.47339551241,0.02192323370754514
1571.88205472536,0.023244538546515706
1573.29020768468,0.030204419414033963
1574.6978545926,0.03779661275673146
1576.10499565123,0.04798685835645373
1577.51163106254,0.06153009199813873
1578.91776102841,0.07414350750760411
1580.32338575059,0.08168771849962271
1581.72850543069,0.08667361967150163
1583.13312027024,0.08945753878823368
1584.53723047062,0.08535805778701518
1585.94083623311,0.07603737605926617
1587.34393775884,0.06531501665396046
1588.74653524887,0.053450203539836774
1590.14862890409,0.0475521295978405
1591.55021892531,0.0466997144309288
1592.95130551321,0.0525864247957493
1594.35188886833,0.07137292580563169
1595.75196919113,0.09871650239405864
1597.15154668191,0.1362729648471124
1598.55062154089,0.16684631870461786
1599.94919396815,0.19318706312290326
1601.34726416366,0.2052673007940088
1602.74483232725,0.2038160607385982
1604.14189865868,0.1906832133009294
1605.53846335753,0.1618678601425821
1606.93452662332,0.1282822121870351
1608.33008865542,0.0965285542353775
1609.72514965308,0.06972057975496207
1611.11970981545,0.045631931549799776
1612.51376934155,0.02611437589559927
1613.90732843029,0.015102124093176805
1615.30038728045,0.006337030254469102
1616.69294609071,0.007859166300568292
1618.08500505963,0.015119213171022139
1619.47656438563,0.02184238146903397
1620.86762426705,0.02848103240912756
1622.25818490208,0.027602267847623485
1623.6482464888,0.023324114432969202
1625.0378092252,0.018969813144507096
1626.42687330912,0.012925119010411277
1627.8154389383,0.009233999934078562
1629.20350631036,0.007839734907491415
1630.59107562279,0.009199506966998753
1631.978147073,0.01183665184166279
1633.36472085824,0.01536171057013849
1634.75079717568,0.015922807847038638
1636.13637622235,0.01237374855522908
1637.52145819517,0.011564519008661709
1638.90604329095,0.011837014013904117
1640.29013170637,0.013879052641986935
1641.67372363801,0.017558309962929106
1643.05681928234,0.017130226322033138
1644.43941883568,0.016581804902639705
1645.82152249428,0.014531084361054998
1647.20313045424,0.01590645235164778
1648.58424291155,0.016989541805064196
1649.96486006209,0.01824313794849919
1651.34498210164,0.02082854337100094
1652.72460922584,0.020902613170623408
1654.10374163022,0.021618779872560265
1655.48237951021,0.02098616321955411
1656.8605230611,0.017932679577835946
1658.2381724781,0.01708682567202284
1659.61532795627,0.017253290022042275
1660.99198969058,0.01935407500228206
1662.36815787586,0.021700195191233708
1663.74383270685,0.025033376364444138
1665.11901437817,0.02668164622698439
1666.49370308431,0.026622051660073937
1667.86789901967,0.026591179993518756
1669.24160237851,0.02783154918323571
1670.614813355,0.031576958032313106
1671.98753214318,0.03432814647585935
1673.35975893698,0.035629096209045384
1674.73149393022,0.03147894598385342
1676.1027373166,0.028457069536917477
1677.4734892897,0.027373311029116585
1678.84375004301,0.024351603997686717
1680.21351976988,0.023606370222955385
1681.58279866357,0.025733495547435634
1682.9515869172,0.027089477875602966
1684.31988472379,0.030641084405251776
1685.68769227626,0.03431456903497724
1687.0550097674,0.03248975827185366
1688.42183738988,0.02819204833957878
1689.78817533628,0.024328367139263153
1691.15402379905,0.020748131481709755
1692.51938297053,0.021921289819992047
1693.88425304294,0.02551020694443622
1695.24863420842,0.030209357549419814
1696.61252665895,0.03339979665782478
1697.97593058642,0.03429620958488803
1699.33884618262,0.031658435815880286
1700.70127363922,0.02471026659440794
1702.06321314775,0.018082093324328058
1703.42466489967,0.014500147266976859
1704.78562908629,0.014240530734299385
1706.14610589884,0.015065032356993798
1707.50609552842,0.015664931515575624
1708.86559816601,0.019440790668078377
1710.22461400251,0.020672552340725896
1711.58314322867,0.016937372167820233
1712.94118603515,0.011425040947641445
1714.29874261249,0.006636359197639486
1715.65581315114,0.008827362259391963
1717.0123978414,0.013717440544373096
1718.36849687348,0.01819756965151538
1719.72411043748,0.017093713987866663
1721.0792387234,0.01573045854162944
1722.43388192109,0.016689863863350096
1723.78804022032,0.012435328991006675
1725.14171381076,0.010459861093566957
1726.49490288193,0.01337483341430206
1727.84760762327,0.013211379602935785
1729.19982822409,0.017706957316399916
1730.55156487361,0.018106229155658925
1731.90281776091,0.019479012167208876
1733.25358707499,0.02017510864063214
1734.60387300473,0.01862079547048084
1735.95367573888,0.01793064221156218
1737.30299546609,0.016498848138858924
1738.65183237493,0.018796202963595604
1740.00018665381,0.023206613490122076
1741.34805849106,0.025083419240013026
1742.6954480749,0.024553818624553757
1744.04235559342,0.024742688974595417
1745.38878123462,0.0238901028493669
1746.73472518639,0.024389143382642475
1748.08018763649,0.02632064326033466
1749.42516877259,0.029325249797059208
1750.76966878224,0.030419546864234454
1752.11368785288,0.030289363048633007
1753.45722617185,0.02756937444327811
1754.80028392637,0.02829693449806538
1756.14286130356,0.026420805742208092
1757.48495849042,0.026322202233967733
1758.82657567385,0.021185999218332262
1760.16771304063,0.022539345504869572
1761.50837077745,0.026216925675752636
1762.84854907086,0.031445326725399986
1764.18824810734,0.03254493568028049
1765.52746807322,0.03323013941673864
1766.86620915475,0.027017420119549253
1768.20447153807,0.02479126657299038
1769.54225540919,0.022487774350275876
1770.87956095404,0.020683777037838115
1772.21638835841,0.02105319556808178
1773.55273780801,0.0237703156825608
1774.88860948842,0.02441265919797674
1776.22400358513,0.026917259226670234
1777.55892028351,0.03118659846451322
1778.89335976882,0.03177241839015692
1780.22732222622,0.026541100390521488
1781.56080784075,0.020719705861738456
1782.89381679736,0.014986474652258728
1784.22634928089,0.013504264468033163
1785.55840547604,0.015200492650554268
1786.88998556744,0.012279785785850147
1788.2210897396,0.008343584571023624
1789.55171817692,0.006820984117726947
1790.88187106369,0.009211967404090395
1792.21154858409,0.009769552954664387
1793.54075092222,0.009609023942896578
1794.86947826202,0.010270007501858773
1796.19773078738,0.012714473596241295
1797.52550868204,0.016982035535611867
1798.85281212966,0.019685539747197986
1800.17964131377,0.020376875186405043
1801.50599641781,0.018853571365457483
1802.83187762511,0.018349039097884608
1804.15728511889,0.01907166779004044
1805.48221908227,0.01846156585175842
1806.80667969824,0.016083682660941092
1808.13066714972,0.012322712504594779
1809.4541816195,0.008748387920870489
1810.77722329025,0.004603535633494263
1812.09979234457,0.0
1813.42188896493,0.0
1814.74351333369,0.0026406090813386076
1816.06466563313,0.004301764031864136
1817.38534604539,0.010335532051436254
1818.70555475252,0.015259706766491268
1820.02529193647,0.020402048518698267
1821.34455777908,0.02295592661916831
1822.66335246207,0.025306957384365444
1823.98167616708,0.027418758196408675
1825.29952907562,0.02807544382598096
1826.61691136911,0.029390430695057413
1827.93382322885,0.026717887749802036
1829.25026483606,0.02329684196704142
1830.56623637182,0.021186025162554006
1831.88173801713,0.02011052373356592
1833.19676995287,0.01726684637412414
1834.51133235984,0.012784200730188858
1835.82542541869,0.00886275056065974
1837.13904931002,0.007527144126279073
1838.45220421428,0.007439452073219414
1839.76489031182,0.00811002945580428
1841.07710778292,0.00964988956451811
1842.38885680772,0.013341634141484954
1843.70013756627,0.016153211251733916
1845.0109502385,0.02165532015702318
1846.32129500426,0.02079202883427121
1847.63117204328,0.018578595048811146
1848.94058153519,0.01266919298147711
1850.2495236595,0.01079782752296798
1851.55799859565,0.012155942256471418
1852.86600652294,0.014633448692704476
1854.17354762058,0.01857949696594202
1855.48062206769,0.02118588400259969
1856.78723004326,0.0254583061760759
1858.0933717262,0.027635288987722568
1859.39904729529,0.02494269640790988
1860.70425692923,0.02014928723486552
1862.0090008066,0.015826904255541174
1863.3132791059,0.015874672511519868
1864.61709200548,0.018955083762955564
1865.92043968364,0.021956821712439522
1867.22332231854,0.024513075073097152
1868.52574008826,0.03014260553597618
1869.82769317075,0.031970942203772654
1871.12918174388,0.03184485932658027
1872.43020598541,0.027205732795238066
1873.73076607299,0.022672175478212455
1875.03086218417,0.018922149957711888
1876.33049449641,0.015586844894942992
1877.62966318705,0.016791591975201678
1878.92836843333,0.016104462624593165
1880.2266104124,0.013177639200022736
1881.52438930128,0.012863483354807614
1882.82170527693,0.01243576034744328
1884.11855851615,0.011503858260242927
1885.4149491957,0.010124874745258038
1886.71087749218,0.009652286641467877
1888.00634358213,0.009476377669194217
1889.30134764197,0.012006507041454817
1890.59588984803,0.016329067898614893
1891.8899703765,0.021133059308040134
1893.18358940352,0.019040799081651318
1894.47674710509,0.01873157262462062
1895.76944365713,0.023890112622159582
1897.06167923544,0.022155273970375873
1898.35345401573,0.022389383364091117
1899.64476817361,0.020139133276064414
1900.93562188457,0.018403420652059216
1902.22601532402,0.019413693522236774
1903.51594866727,0.019124730811636906
1904.8054220895,0.0213630961254548
1906.09443576582,0.01825464704304744
1907.38298987122,0.020062677281022345
1908.67108458059,0.02230098275950434
1909.95872006873,0.02197783985944908
1911.24589651033,0.020377755305254538
1912.53261407997,0.018614073383400282
1913.81887295215,0.0178314364790963
1915.10467330126,0.020240274574388897
1916.39001530157,0.018786175462392304
1917.67489912729,0.019462523588357473
1918.95932495248,0.01956681042987214
1920.24329295115,0.020908103421997008
1921.52680329716,0.023322370830452452
1922.8098561643,0.024785003627207074
1924.09245172626,0.023901355224708955
1925.37459015661,0.024118788813112656
1926.65627162885,0.025289903945357312
1927.93749631634,0.028397668515056887
1929.21826439236,0.02923160245238949
1930.49857603011,0.027046425301966916
1931.77843140266,0.027167495350374635
1933.05783068298,0.028002838011720297
1934.33677404396,0.029449411590826615
1935.61526165838,0.02871077503567458
1936.89329369891,0.025211209224194668
1938.17087033814,0.02355258942730259
1939.44799174855,0.023433760682612485
1940.72465810252,0.02582221171162312
1942.00086957232,0.027972202571765734
1943.27662633014,0.027328961191363195
1944.55192854806,0.032189351166884955
1945.82677639806,0.03611024629311601
1947.10117005202,0.03601823437355037
1948.37510968173,0.03656667507079452
1949.64859545888,0.03218804316150033
1950.92162755503,0.02845171529790957
1952.19420614169,0.024436050528921966
1953.46633139023,0.02263389336724128
1954.73800347195,0.0223133794133249
1956.00922255803,0.02252512586573688
1957.27998881956,0.021432250150266292
1958.55030242753,0.019913051879946558
1959.82016355283,0.016448397387696472
1961.08957236626,0.018963476046264558
1962.35852903851,0.01814384226404147
1963.62703374017,0.015191506034021371
1964.89508664175,0.0150482558255048
1966.16268791364,0.016374860280856673
1967.42983772614,0.01834715849795585
1968.69653624945,0.019679017866297607
1969.96278365368,0.017497110514592757
1971.22858010883,0.017380724926242583
1972.49392578481,0.017231501692986963
1973.75882085144,0.02088859670241159
1975.02326547841,0.019178231417629976
1976.28725983534,0.017664631260386473
1977.55080409175,0.017300598357465346
1978.81389841706,0.018379649181263027
1980.07654298059,0.016054548206193477
1981.33873795155,0.015346317561819532
1982.60048349907,0.014984650334534855
1983.86177979219,0.015620036326497472
1985.12262699982,0.014598224112325793
1986.3830252908,0.012753143005890269
1987.64297483387,0.010135028835809213
1988.90247579766,0.01256007674491105
1990.16152835071,0.014937770005074237
1991.42013266146,0.01528502063997827
1992.67828889827,0.011794257666515253
1993.93599722937,0.012257541578200403
1995.19325782292,0.012423114606709732
1996.45007084698,0.016039374167205602
1997.70643646949,0.01717663498401888
1998.96235485834,0.017995304953705944
2000.21782618127,0.017884737663726058
2001.47285060595,0.019135292490580647
2002.72742829996,0.01862993128768399
2003.98155943077,0.016870939906094482
2005.23524416575,0.012554703318756657
2006.48848267219,0.012050100298097052
2007.74127511728,0.011230953729318151
2008.9936216681,0.01337455808694025
2010.24552249164,0.014681206237946245
2011.4969777548,0.014653948419640007
2012.74798762438,0.011507377149082638
2013.99855226709,0.012222498925189632
2015.24867184953,0.013858175823723588
2016.49834653821,0.016241151655554415
2017.74757649955,0.017500829797736032
2018.99636189987,0.01899171467610833
2020.2447029054,0.018318631853856383
2021.49259968226,0.01839514586897434
2022.74005239649,0.015445702913270354
2023.98706121402,0.013428654485847348
2025.2336263007,0.010377512043625898
2026.47974782227,0.009028334057499268
2027.72542594438,0.009498267804850849
2028.9706608326,0.010478520530037644
2030.21545265237,0.011613962180375264
2031.45980156908,0.010881837926796522
2032.70370774798,0.00840681676985376
2033.94717135425,0.0058595502576338394
2035.19019255297,0.0012473885524283647
2036.43277150913,0.0
2037.67490838762,0.0017125049770406262
2038.91660335323,0.005305397194386253
2040.15785657066,0.01244007062425359
2041.39866820453,0.021516596184090065
2042.63903841933,0.0250597444695225
2043.8789673795,0.02583259840375565
2045.11845524934,0.021573181045933452
2046.35750219309,0.01746815625648957
2047.59610837489,0.011651764366977239
2048.83427395876,0.004011067976398334
2050.07199910866,0.0010061690639333553
2051.30928398844,0.0
2052.54612876184,0.0013002809355985875
2053.78253359254,0.005959164956375303
2055.01849864411,0.010541985563428148
2056.25402408001,0.0128225673720373
2057.48911006363,0.015163192175479536
2058.72375675825,0.018504971362517685
2059.95796432706,0.018713649763596345
2061.19173293318,0.013895113843207003
2062.42506273959,0.012159403622601133
2063.65795390921,0.010829901997281084
2064.89040660486,0.009284710873647567
2066.12242098927,0.009171789333341404
2067.35399722506,0.01283205936541517
2068.58513547477,0.012619718003950219
2069.81583590085,0.01465071763599953
2071.04609866565,0.014810619200283301
2072.27592393143,0.013248140003424716
2073.50531186034,0.009753034757437315
2074.73426261447,0.0069744612106394524
2075.96277635579,0.004504860047478725
2077.19085324619,0.0
2078.41849344745,0.0015498022602112584
2079.64569712128,0.003729898793146987
2080.87246442929,0.006673197908027477
2082.09879553299,0.008909940116475957
2083.32469059381,0.01260911041600232
2084.55014977306,0.019965846020306616
2085.77517323199,0.02478248935131007
2086.99976113175,0.02600133708518285
2088.22391363338,0.03187984102570728
2089.44763089784,0.03377813111438421
2090.670913086,0.03985975295736007
2091.89376035863,0.039504204836747346
2093.11617287642,0.03815666756999329
2094.33815079996,0.03614811344159317
2095.55969428975,0.03662097634628532
2096.78080350619,0.0355939339769254
2098.00147860959,0.03354969375684834
2099.22171976018,0.028688030606352458
2100.4415271181,0.027733843143937627
2101.66090084336,0.024453770605799348
2102.87984109594,0.0248809333310407
2104.09834803567,0.024332708809053454
2105.31642182233,0.023981578589063756
2106.53406261559,0.024689001443264375
2107.75127057502,0.022599225831248043
2108.96804586012,0.019249233920716737
2110.18438863028,0.019200232732748814
2111.40029904482,0.01983856442694339
2112.61577726294,0.020874703429514734
2113.83082344377,0.022349160331042596
2115.04543774634,0.026077834921770182
2116.25962032961,0.024624859091802058
2117.4733713524,0.02469726937307542
2118.68669097349,0.023043901975005367
2119.89957935155,0.018715933589642252
2121.11203664515,0.015750769211336554
2122.32406301279,0.015925070457738128
2123.53565861285,0.020298763865857473
2124.74682360364,0.02410004388358499
2125.95755814338,0.02634640046746362
2127.1678623902,0.02760131018487468
2128.37773650212,0.0231302036095874
2129.5871806371,0.021785145024419673
2130.79619495298,0.01888544370929097
2132.00477960753,0.015387997175030003
2133.21293475842,0.012857478378101783
2134.42066056323,0.0130253607294507
2135.62795717946,0.01725464639287313
2136.83482476451,0.022407455840912537
2138.04126347569,0.02577063878690705
2139.24727347022,0.026572839779602564
2140.45285490524,0.02331645838288903
2141.65800793779,0.021174386417495545
2142.86273272481,0.016374409804190002
2144.06702942318,0.010681661132713254
2145.27089818967,0.006532838061671802
2146.47433918096,0.005495367413647958
2147.67735255364,0.006256670323694791
2148.87993846422,0.008587790566381663
2150.08209706912,0.012538307694403629
2151.28382852465,0.015257985965011423
2152.48513298706,0.01817678672633132
2153.6860106125,0.02289266278438754
2154.88646155701,0.02285919085413683
2156.08648597657,0.02363121011597988
2157.28608402706,0.024108514516398526
2158.48525586427,0.02309659902497589
2159.6840016439,0.018223833345260752
2160.88232152156,0.015271279920316988
2162.08021565278,0.012903774664685636
2163.27768419298,0.011150679435739375
2164.47472729752,0.010770370638082429
2165.67134512165,0.009902313405492405
2166.86753782054,0.010474476924719636
2168.06330554928,0.014640665820238073
2169.25864846284,0.017434496920338823
2170.45356671614,0.020587022393020248
2171.64806046398,0.02424289080751215
2172.8421298611,0.026428244498420485
2174.03577506213,0.028783002427601494
2175.22899622162,0.02824690978280626
2176.42179349403,0.026627870610824087
2177.61416703373,0.02536293894679566
2178.80611699501,0.027109871486810284
2179.99764353207,0.026580545964984038
2181.188746799,0.024799956076436702
2182.37942694984,0.025388230758418007
2183.56968413851,0.028080713703096807
2184.75951851887,0.02832502356675075
2185.94893024466,0.029141428210750456
2187.13791946956,0.026848397613335104
2188.32648634714,0.025546246700818377
2189.51463103091,0.025362547603964284
2190.70235367426,0.023971969327913383
2191.88965443052,0.022088461216714067
2193.07653345292,0.02182140161942388
2194.2629908946,0.023830059086227498
2195.44902690862,0.02480928016391049
2196.63464164794,0.02705148279545961
2197.81983526545,0.030331600577624886
2199.00460791395,0.03304656598722308
2200.18895974614,0.034840559477037784
2201.37289091464,0.03405662340676766
2202.55640157199,0.03329857725947291
2203.73949187063,0.03270822384358253
2204.92216196292,0.031848904418695416
2206.10441200113,0.028496679558667155
2207.28624213746,0.024410251869662072
2208.467652524,0.02310390218233184
2209.64864331275,0.02300979684879661
2210.82921465566,0.023347357774552196
2212.00936670456,0.025859033289057438
2213.18909961119,0.026881458469460284
2214.36841352724,0.031266091549427444
2215.54730860427,0.035416124647665456
2216.72578499378,0.03854858940773892
2217.90384284718,0.04062656655237054
2219.08148231579,0.04434020686804543
2220.25870355084,0.04509663037917354
2221.43550670348,0.04297063505814004
2222.61189192478,0.041636133861602385
2223.78785936571,0.03878118149556865
2224.96340917716,0.035366079482223416
2226.13854150994,0.03401240992601073
2227.31325651476,0.03229529774062167
2228.48755434226,0.030453941879856058
2229.66143514298,0.03002748424363357
2230.83489906739,0.02862947188265869
2232.00794626586,0.026514150234922568
2233.18057688868,0.022621552346475025
2234.35279108606,0.022170753717618646
2235.52458900812,0.021074781937717117
2236.69597080488,0.02086602739254223
2237.8669366263,0.023626017464151848
2239.03748662224,0.027583983432200535
2240.20762094248,0.030652190806085014
2241.3773397367,0.03287329264051237
2242.54664315453,0.03463939108191152
2243.71553134547,0.03723840282027018
2244.88400445897,0.0388892428870066
2246.05206264437,0.04263262842866746
2247.21970605095,0.04461254515653755
2248.38693482788,0.044862115530579394
2249.55374912427,0.04581743638379404
2250.72014908912,0.04591491806261031
2251.88613487137,0.045175387165734424
2253.05170661985,0.044105808326873414
2254.21686448332,0.04489027429295601
2255.38160861046,0.04567119374845501
2256.54593914986,0.04581167621255141
2257.70985625002,0.04496365954253349
2258.87336005936,0.04094782092678871
2260.03645072622,0.03913965587882224
2261.19912839884,0.036719963116667774
2262.3613932254,0.03765691261508969
2263.52324535398,0.040087336384502584
2264.68468493257,0.04282042129812037
2265.8457121091,0.04531908724871403
2267.00632703138,0.048168300310115146
2268.16652984718,0.049528648159936815
2269.32632070414,0.047129247220290216
2270.48569974985,0.04138824727012434
2271.64466713181,0.040566656693654606
2272.80322299741,0.03883368283614012
2273.96136749401,0.041417778483555906
2275.11910076882,0.04522512206623765
2276.27642296902,0.048879433337979776
2277.43333424168,0.05261222441540015
2278.5898347338,0.05541052494786343
2279.74592459227,0.05615398796916832
2280.90160396393,0.05380744488786865
2282.05687299552,0.05027714192016831
2283.2117318337,0.048096907448685805
2284.36618062504,0.04867851436522285
2285.52021951604,0.0491745349615113
2286.67384865311,0.05117026991750248
2287.82706818257,0.04957933146879244
2288.97987825066,0.05255726549730381
2290.13227900354,0.05171887749849143
2291.2842705873,0.05319985382532962
2292.43585314792,0.05313369912605654
2293.58702683132,0.05364491733788515
2294.73779178332,0.056724882453442996
2295.88814814967,0.059917966491450515
2297.03809607604,0.05775223277003235
2298.18763570799,0.0543482399439694
2299.33676719104,0.05148021926764491
2300.48549067059,0.05066169415782092
2301.63380629198,0.06021851892228678
2302.78171420046,0.04716155122746574
2303.92921454119,0.03605381121027825
2305.07630745926,0.030325191802415222
2306.22299309967,0.02788812253741989
2307.36927160734,0.023899555884062916
2308.51514312712,0.022052023999509236
2309.66060780375,0.02201793531580659
2310.80566578191,0.02915379648088054
2311.9503172062,0.03642415790734443
2313.09456222111,0.05304594654600696
2314.23840097109,0.045595411189680586
2315.38183360048,0.0480311877031271
2316.52486025354,0.049683459593585444
2317.66748107445,0.048416249112057226
2318.80969620732,0.04994356853606148
2319.95150579615,0.04935322705982091
2321.0929099849,0.05016544413963291
2322.23390891741,0.050762457458366425
2323.37450273747,0.05015646445506258
2324.51469158875,0.052861746045167426
2325.65447561488,0.05251637499902035
2326.79385495939,0.05061475306380268
2327.93282976571,0.04977927026205442
2329.07140017722,0.04530411756983079
2330.20956633721,0.04733995210636194
2331.34732838888,0.045509291363617574
2332.48468647535,0.04769134417630524
2333.62164073966,0.04907449618991182
2334.75819132478,0.04900608439349767
2335.89433837358,0.050055770111757596
2337.03008202888,0.0482970447288657
2338.16542243337,0.048630033118122994
2339.30035972971,0.047234003365727334
2340.43489406045,0.04466072890348955
2341.56902556805,0.0441632990815693
2342.70275439493,0.04187936648643311
2343.8360806834,0.04113966762071358
2344.96900457568,0.03850380400305283
2346.10152621393,0.03621690416295785
2347.23364574023,0.03461399204416753
2348.36536329656,0.03338902947674585
2349.49667902484,0.03375462575629001
2350.62759306691,0.030756467539284873
2351.75810556451,0.03388544920642087
2352.88821665931,0.03520739872684644
2354.0179264929,0.03716829607764346
2355.1472352068,0.03796958148237888
2356.27614294243,0.03644027899494916
2357.40464984115,0.03533222724629662
2358.53275604423,0.03005916213183694
2359.66046169286,0.027902322200667753
2360.78776692814,0.02519621550830681
2361.91467189112,0.022026609249649845
2363.04117672273,0.0228799088110167
2364.16728156386,0.024802593789858007
2365.29298655529,0.027210442967863013
2366.41829183773,0.03287666754205903
2367.54319755182,0.03187018640531222
2368.66770383811,0.03265250930058753
2369.79181083707,0.029990342551789003
2370.9155186891,0.03102464065246471
2372.0388275345,0.027711034440583312
2373.16173751353,0.024962219552372034
2374.28424876633,0.023325114116751165
2375.40636143297,0.02576823420091178
2376.52807565346,0.0293820071445508
2377.64939156771,0.031719624285719665
2378.77030931556,0.029276408651216806
2379.89082903677,0.03184112541297594
2381.01095087103,0.03089354177629367
2382.13067495792,0.03322235814788511
2383.25000143699,0.03214453461120691
2384.36893044765,0.032100066310652285
2385.4874621293,0.031502678388099024
2386.6055966212,0.028993514020411514
2387.72333406257,0.027657540209525152
2388.84067459254,0.023308580486392515
2389.95761835016,0.020683371745991615
2391.07416547439,0.020280451587820485
2392.19031610413,0.019100268135295168
2393.3060703782,0.02401390420245772
2394.42142843532,0.02628952074719128
2395.53639041417,0.028168153294783897
2396.65095645331,0.02860630142973498
2397.76512669125,0.02767538070615903
2398.87890126641,0.030718301491121237
2399.99228031713,0.03026789526372661
2401.10526398169,0.029726854292557104
2402.21785239826,0.030442360120755216
2403.33004570496,0.02938670388460439
2404.44184403983,0.030176519109143485
2405.5532475408,0.026129502857474483
2406.66425634577,0.023944751837769725
2407.77487059253,0.02309657547198955
2408.88509041879,0.024108429666960883
2409.99491596221,0.026200256005867326
2411.10434736034,0.026003987437537263
2412.21338475068,0.025652850434905054
2413.32202827062,0.025092228949159946
2414.43027805751,0.0260920249815267
2415.5381342486,0.02674536249519617
2416.64559698106,0.025457571800698048
2417.752666392,0.026436391915430613
2418.85934261843,0.02499437747942553
2419.96562579731,0.024294075483938707
2421.07151606549,0.02375390016785037
2422.17701355976,0.02232474231434046
2423.28211841685,0.02008627626671428
2424.38683077338,0.01737095245340865
2425.49115076591,0.02010245380528678
2426.59507853093,0.018807963989220584
2427.69861420484,0.02002686360810471
2428.80175792396,0.020809043163072735
2429.90450982455,0.017919124085681404
2431.00687004278,0.01908865963148493
2432.10883871475,0.018503373833681235
2433.21041597647,0.019790536322159012
2434.31160196388,0.02256980879091748
2435.41239681287,0.022903332908221857
2436.5128006592,0.02461964398145059
2437.61281363861,0.024691752724306505
2438.71243588671,0.02495647087901121
2439.81166753908,0.025252945841858353
2440.9105087312,0.02339888838116759
2442.00895959847,0.023641213260008846
2443.10702027622,0.021369290474612928
2444.20469089971,0.02261770370322017
2445.30197160412,0.023843985124812214
2446.39886252455,0.02120811525766317
2447.49536379601,0.018867455215072184
2448.59147555347,0.018219801321620776
2449.6871979318,0.017498860798217743
2450.78253106578,0.017115877654389305
2451.87747509015,0.01458623721657738
2452.97203013955,0.015087913479722824
2454.06619634855,0.015254734122512494
2455.15997385163,0.016110864715138735
2456.25336278323,0.017833780799619114
2457.34636327767,0.015373437306116166
2458.43897546923,0.015178823606918851
2459.5311994921,0.01586993136786625
2460.62303548038,0.01685480100920015
2461.71448356813,0.014934843540457217
2462.8055438893,0.014555437065580953
2463.89621657778,0.01439401658420828
2464.98650176738,0.014272253542071036
2466.07639959184,0.014119585504102514
2467.16591018483,0.015226806443893688
2468.25503367992,0.01307635447777859
2469.34377021063,0.013346586615188852
2470.4321199104,0.013471640324784985
2471.52008291258,0.014340949088280151
2472.60765935046,0.013172716371046467
2473.69484935726,0.013546203591759934
2474.78165306609,0.012296481945421813
2475.86807061004,0.011053881425990557
2476.95410212208,0.012141295843505059
2478.03974773512,0.01140565927994194
2479.12500758199,0.011390945202662497
2480.20988179546,0.0108023028674869
2481.29437050822,0.012482045269572322
2482.37847385287,0.013943537032627129
2483.46219196196,0.014295259881184618
2484.54552496793,0.015117612520882555
2485.62847300319,0.015397042940426958
2486.71103620004,0.012631062009297988
2487.79321469071,0.011354160965444749
2488.87500860739,0.008022621621847425
2489.95641808214,0.008389263781132377
2491.03744324699,0.0069400496442008274
2492.11808423388,0.005919813128978368
2493.19834117468,0.005672007274074444
2494.27821420117,0.006070983412251501
2495.35770344508,0.004586137105834167
2496.43680903804,0.005952857051336773
2497.51553111163,0.004371462472186976
2498.59386979734,0.005191063576323767
2499.67182522659,0.007581570263268125
2500.74939753073,0.009952577385842366
2501.82658684103,0.012575047572592703
2502.90339328871,0.01337124379475267
2503.97981700486,0.016448175503233554
2505.05585812056,0.015938012372884166
2506.13151676677,0.013704056150728101
2507.20679307441,0.012238383149925574
2508.2816871743,0.011160587431347587
2509.3561991972,0.011587121524682846
2510.43032927379,0.011946190942377845
2511.50407753469,0.010802690507718624
2512.57744411043,0.011470814308839542
2513.65042913146,0.011549112705046929
2514.72303272819,0.01135251131217865
2515.79525503093,0.010699886858179488
2516.86709616992,0.009235785061532258
2517.93855627533,0.007045725911632684
2519.00963547725,0.009511290811972217
2520.08033390571,0.011831610990516859
2521.15065169066,0.011485972237929774
2522.22058896198,0.011671282831569887
2523.29014584947,0.012045553453718341
2524.35932248286,0.01176995347802704
2525.42811899181,0.01118594356285201
2526.49653550589,0.013658814098593323
2527.56457215464,0.013032669795326395
2528.63222906748,0.01184156202239734
2529.69950637378,0.012508603653205646
2530.76640420283,0.012371624705411711
2531.83292268386,0.010205882999536077
2532.89906194601,0.007890103084149783
2533.96482211835,0.006740791394308238
2535.03020332991,0.0035002762114684604
2536.09520570959,0.002463331674132095
2537.15982938626,0.003732105081307519
2538.22407448871,0.005019643090345895
2539.28794114564,0.003507695922236679
2540.3514294857,0.0047660641841437874
2541.41453963746,0.005801004034969842
2542.47727172942,0.007854607025683876
2543.53962588999,0.00782539142051853
2544.60160224753,0.010551818213158794
2545.66320093032,0.01100370294500448
2546.72442206656,0.012648259513865253
2547.7852657844,0.014579009856989863
2548.84573221189,0.014292380353183812
2549.90582147702,0.011979778335365735
2550.96553370772,0.009871868877551995
2552.02486903183,0.008627969762325912
2553.08382757713,0.0061601174492245
2554.14240947133,0.005410556690510643
2555.20061484204,0.0074308449267616716
2556.25844381685,0.008526408383639269
2557.31589652322,0.01073455980454995
2558.37297308858,0.012093325573444476
2559.42967364028,0.012515966067868763
2560.48599830559,0.014943929901217035
2561.54194721171,0.013776500836582406
2562.59752048577,0.01602850112316905
2563.65271825483,0.01385392229556879
2564.70754064589,0.015073462993466456
2565.76198778585,0.014179112974955228
2566.81605980156,0.012289772936352332
2567.8697568198,0.013415048433887545
2568.92307896727,0.014585801966744739
2569.9760263706,0.01383568767357502
2571.02859915635,0.01304787800602219
2572.08079745102,0.012737450927468206
2573.13262138101,0.012497516779878303
2574.18407107268,0.010723856920005412
2575.23514665231,0.011113070143931428
2576.28584824609,0.00947887624034901
2577.33617598017,0.007407295644612959
2578.38612998061,0.009277193230854278
2579.4357103734,0.008124898584891023
2580.48491728446,0.00843664746574243
2581.53375083965,0.007040441872295756
2582.58221116474,0.008928071728216492
2583.63029838545,0.007969476482732246
2584.67801262742,0.00830420910032177
2585.72535401622,0.011855455120480748
2586.77232267734,0.013012179052297968
2587.81891873621,0.012401184081989166
2588.86514231819,0.012496376352668233
2589.91099354857,0.011348436413489486
2590.95647255257,0.014712235391311196
2592.00157945533,0.014599506126438174
2593.04631438193,0.014351044586100592
2594.09067745737,0.013596399978184405
2595.1346688066,0.014583237822710681
2596.17828855447,0.016177618924629263
2597.22153682579,0.014239997117467046
2598.26441374528,0.016133822885089227
2599.30691943759,0.013707186482594187
2600.34905402731,0.014648816487854984
2601.39081763897,0.015233588439758413
2602.43221039699,0.014402834215093361
2603.47323242577,0.01330236958516291
2604.5138838496,0.013684603589062184
2605.55416479273,0.013525727480709416
2606.59407537931,0.012835257392350075
2607.63361573346,0.013275280987948671
2608.67278597919,0.016293937483652734
2609.71158624047,0.014079675659096997
2610.75001664118,0.0130426919960758
2611.78807730514,0.010789919125026734
2612.8257683561,0.008421621328748212
2613.86308991774,0.009197771229963648
2614.90004211368,0.006813573578951311
2615.93662506745,0.009034237872067544
2616.97283890253,0.010618379491142426
2618.00868374232,0.014717803949316334
2619.04415971015,0.01560418962814591
2620.07926692928,0.016191616951411098
2621.11400552292,0.015897662191766315
2622.14837561419,0.014033717261139483
2623.18237732615,0.012866460053826035
2624.21601078178,0.014174443412959268
2625.249276104,0.011010612486513006
2626.28217341567,0.013502729775451949
2627.31470283956,0.012762733241610152
2628.34686449839,0.01511680306404248
2629.3786585148,0.013876996831429724
2630.41008501137,0.013920969161884653
2631.4411441106,0.016614022524730956
2632.47183593493,0.01642829628919395
2633.50216060673,0.01904098082800011
2634.53211824829,0.018660736373528716
2635.56170898186,0.01617979064859712
2636.59093292959,0.014218612555232211
2637.61979021358,0.012542225596724176
2638.64828095585,0.011756001587676286
2639.67640527837,0.01006233286119932
2640.70416330301,0.009985407281350436
2641.73155515161,0.010078257019304912
2642.75858094591,0.011475976905942013
2643.7852408076,0.011661054013302521
2644.81153485829,0.00951259352516765
2645.83746321954,0.008927626351687666
2646.86302601282,0.008882326550951475
2647.88822335955,0.008235196196172325
2648.91305538106,0.007878058647376139
2649.93752219864,0.008153995570479886
2650.96162393349,0.010858178369850584
2651.98536070675,0.011457208569320962
2653.0087326395,0.01444361684723277
2654.03173985273,0.014478124240144821
2655.05438246738,0.014538965540725573
2656.07666060433,0.013868167926084524
2657.09857438437,0.015288255013170068
2658.12012392824,0.012631478178207518
2659.14130935659,0.011368983597729431
2660.16213079004,0.008938082413816594
2661.1825883491,0.00883523637325774
2662.20268215424,0.008152264473081873
2663.22241232586,0.008171637280267837
2664.24177898428,0.00859576195940226
2665.26078224977,0.00572563128949828
2666.27942224251,0.004760981049120149
2667.29769908263,0.005723950132910827
2668.3156128902,0.006450426512773854
2669.33316378519,0.007287447489441739
2670.35035188754,0.007605415110673223
2671.3671773171,0.0065730721485507205
2672.38364019366,0.0077467343995427
2673.39974063694,0.008928650114506883
2674.41547876659,0.009291939482304556
2675.43085470222,0.007684044915404632
2676.44586856332,0.008673992312793396
2677.46052046937,0.010232423729895848
2678.47481053974,0.010664775468151581
2679.48873889377,0.010635483159748998
2680.50230565069,0.00909975797966688
2681.51551092969,0.005504502083590574
2682.52835484991,0.006907703055307046
2683.54083753039,0.00705845501438863
2684.55295909011,0.007970676873813913
2685.56471964799,0.00696485555130448
2686.5761193229,0.007669841841121197
2687.58715823361,0.00899688479521687
2688.59783649885,0.006263664365872613
2689.60815423727,0.006942221815449022
2690.61811156746,0.005649361692346389
2691.62770860793,0.0059382826793870115
2692.63694547714,0.0077452415272603525
2693.64582229349,0.008828565589529143
2694.65433917528,0.010079372359110841
2695.66249624078,0.008853052417778671
2696.67029360817,0.00956416349566461
2697.67773139559,0.008381063183161862
2698.68480972108,0.007047494454918453
2699.69152870263,0.008456588004489094
2700.69788845818,0.008059173008913335
2701.70388910558,0.007319666051327668
2702.70953076262,0.007197718682258904
2703.71481354702,0.007192176615232102
2704.71973757646,0.006562181266960502
2705.72430296852,0.0063280012687290015
2706.72850984073,0.007477812050579209
2707.73235831056,0.007745762825902972
2708.7358484954,0.009917210165570806
2709.73898051259,0.010315814596547358
2710.74175447939,0.012721403614926944
2711.74417051301,0.013857405822278044
2712.74622873056,0.013693746250946602
2713.74792924914,0.011135351497813402
2714.74927218573,0.010450563852185738
2715.75025765728,0.009056164229089123
2716.75088578066,0.008511644236558195
2717.75115667268,0.006739735678416756
2718.75107045008,0.00791804615315816
2719.75062722953,0.006166933660373499
2720.74982712766,0.006782087105475693
2721.74867026099,0.0055217672527639455
2722.74715674601,0.005293746955150089
2723.74528669915,0.005887681815519854
2724.74306023674,0.008246986889474119
2725.74047747508,0.008979823598268497
2726.73753853039,0.011369615081919388
2727.73424351881,0.014414449135917783
2728.73059255644,0.01690243106409895
2729.72658575931,0.013940135856863113
2730.72222324337,0.012332458210630563
2731.71750512452,0.010542211114134342
2732.71243151859,0.008966476100781665
2733.70700254134,0.007184964971637508
2734.70121830849,0.004853064396293751
2735.69507893565,0.005459833450818655
2736.68858453841,0.008235135518293428
2737.68173523226,0.01135413806841605
2738.67453113266,0.013013799057651472
2739.66697235498,0.013122677404377272
2740.65905901453,0.014194769936524453
2741.65079122656,0.013010996533776173
2742.64216910625,0.012757313716549668
2743.63319276873,0.013167548990527786
2744.62386232904,0.012909739127418302
2745.61417790218,0.014506194619272508
2746.60413960308,0.015210500423403923
2747.59374754659,0.01590982931102446
2748.58300184752,0.016337209524168162
2749.57190262059,0.015925741089391536
2750.56044998048,0.01585023632460054
2751.54864404179,0.014428477039366679
2752.53648491906,0.017026321031731254
2753.52397272677,0.017549416448821253
2754.51110757933,0.018020446400945245
2755.49788959109,0.01782297567047338
2756.48431887634,0.01673756390582047
2757.47039554929,0.01555192020093108
2758.4561197241,0.014165858230296677
2759.44149151487,0.013120644809460784
2760.42651103562,0.013460724747035193
2761.41117840032,0.015087096046447762
2762.39549372287,0.01599739010207889
2763.37945711711,0.014678152855908936
2764.36306869681,0.014377115237433744
2765.34632857569,0.01616407189347678
2766.32923686738,0.01682267835312008
2767.31179368548,0.016811779240811217
2768.29399914351,0.016631422741725216
2769.27585335491,0.016146936136027797
2770.25735643308,0.019102088537674613
2771.23850849135,0.01961882700226658
2772.219309643,0.018328336455673784
2773.19976000121,0.017669283694042623
2774.17985967913,0.016829477730912774
2775.15960878984,0.01760691947494369
2776.13900744635,0.017603805042999163
2777.1180557616,0.01772865333736393
2778.09675384848,0.017259997176070623
2779.07510181983,0.01826762661295826
2780.05309978839,0.020645376182306857
2781.03074786686,0.02167292288698992
2782.00804616788,0.023965624428974562
2782.98499480402,0.02400519820053009
2783.96159388779,0.022814256216296888
2784.93784353164,0.021744653830098302
2785.91374384793,0.021455679068603444
2786.889294949,0.021269428407966792
2787.86449694709,0.019837618571582213
2788.83934995442,0.020552944325917175
2789.81385408309,0.021992235678602118
2790.78800944519,0.022812353842406225
2791.76181615272,0.02232666828898284
2792.73527431761,0.02169446185408727
2793.70838405176,0.022138804026598787
2794.68114546698,0.023268229768202114
2795.65355867502,0.024137378271822475
2796.62562378758,0.02549743304304155
2797.59734091629,0.024718764226791052
2798.56871017271,0.025129462869415784
2799.53973166835,0.022990125963171782
2800.51040551465,0.020092359450968086
2801.480731823,0.01858395460605473
2802.45071070471,0.018770350885444605
2803.42034227104,0.019368999215397965
2804.38962663318,0.01993016999875645
2805.35856390227,0.021271589127826673
2806.32715418937,0.02168082010028328
2807.29539760549,0.021868213333913457
2808.26329426158,0.023151498208343436
2809.23084426852,0.022967977398148036
2810.19804773713,0.025680997924298087
2811.16490477816,0.02789741372136183
2812.13141550233,0.02795469636161013
2813.09758002026,0.028468528222410992
2814.06339844253,0.02751844631784411
2815.02887087965,0.02652755256164888
2815.99399744206,0.02465582738505534
2816.95877824016,0.025373554706401964
2817.92321338428,0.02546586150671733
2818.88730298467,0.028807551250422815
2819.85104715155,0.0318529152778643
2820.81444599505,0.031368451005173804
2821.77749962525,0.031084734933656398
2822.74020815217,0.031310720442124185
2823.70257168578,0.030854139861404506
2824.66459033595,0.03064756583532735
2825.62626421254,0.02831169651656185
2826.5875934253,0.027858397904146653
2827.54857808396,0.02725385236916981
2828.50921829815,0.027695681437933745
2829.46951417748,0.028476950035601946
2830.42946583146,0.0272825272281745
2831.38907336956,0.027377023821482927
2832.3483369012,0.02767353651024707
2833.3072565357,0.03024964267267118
2834.26583238235,0.029741408516359286
2835.22406455038,0.025763599949709674
2836.18195314895,0.020337523634072013
2837.13949828714,0.012636557869537098
2838.09670007401,0.0039058601503490727
2839.05355861854,0.0
2840.01007402962,0.0
2840.96624641613,0.0
2841.92207588685,0.012507543507498121
