filepath,filename,sec,power,replicate,snr,fwhm,max_intensity,score,n_peaks
.\Int_20sec_Power5-80_Ta_2\good peaks\sec-20_power-40_i-2_2.xlsx,sec-20_power-40_i-2_2.xlsx,20,40,2,139.03236591977654,9.134061214027643,1.0,69.74902705770747,14
.\All_Excel_Files\sec-20_power-40_i-2_2.xlsx,sec-20_power-40_i-2_2.xlsx,20,40,2,139.03236591977654,9.134061214027643,1.0,69.74902705770747,14
.\All_Excel_Files\sec-20_power-30_i-2_1.xlsx,sec-20_power-30_i-2_1.xlsx,20,30,1,109.3402765424284,9.147405239125945,1.0,54.902934456816304,13
.\Int_20sec_Power5-80_Ta_2\good peaks\sec-20_power-30_i-2.xlsx,sec-20_power-30_i-2.xlsx,20,30,1,109.3402765424284,9.147405239125945,1.0,54.902934456816304,13
.\Int_20sec_Power5-80_Ta_2\good peaks\sec-20_power-20_i-2_2.xlsx,sec-20_power-20_i-2_2.xlsx,20,20,2,102.43051167497681,9.147945017398367,1.0,51.448050087938036,15
.\All_Excel_Files\sec-20_power-20_i-2_2_1.xlsx,sec-20_power-20_i-2_2_1.xlsx,20,20,2,102.43051167497681,9.147945017398367,1.0,51.448050087938036,15
.\All_Excel_Files\sec-20_power-20_i-2_1.xlsx,sec-20_power-20_i-2_1.xlsx,20,20,1,91.09793429459823,9.172613541154648,1.0,45.781673201975245,15
.\Int_20sec_Power5-80_Ta_2\good peaks\sec-20_power-20_i-2.xlsx,sec-20_power-20_i-2.xlsx,20,20,1,91.09793429459823,9.172613541154648,1.0,45.781673201975245,15
.\Int_10sec_Power5-80_Ta_2\good peak\sec-10_power-20_i-2.xlsx,sec-10_power-20_i-2.xlsx,10,20,1,75.94954328186695,9.56048350381714,1.0,38.20615080704785,31
.\All_Excel_Files\sec-10_power-20_i-2_1.xlsx,sec-10_power-20_i-2_1.xlsx,10,20,1,75.94954328186695,9.56048350381714,1.0,38.20615080704785,31
.\Int_25sec_Power5-80_Ta_2\good peak\sec-25_power-40_i-2.xlsx,sec-25_power-40_i-2.xlsx,25,40,1,72.6041513009099,9.474579757068753,1.0,36.53373932395733,24
.\All_Excel_Files\sec-25_power-40_i-2_1.xlsx,sec-25_power-40_i-2_1.xlsx,25,40,1,72.6041513009099,9.474579757068753,1.0,36.53373932395733,24
.\All_Excel_Files\sec-15_power-80_i-2.xlsx,sec-15_power-80_i-2.xlsx,15,80,1,61.23680990646087,9.869826641829825,1.0,30.8488006238827,53
.\Int_15sec_Power5-80_Ta_2\sec-15_power-80_i-2.xlsx,sec-15_power-80_i-2.xlsx,15,80,1,61.23680990646087,9.869826641829825,1.0,30.8488006238827,53
.\All_Excel_Files\sec-10_power-10_i-2_1.xlsx,sec-10_power-10_i-2_1.xlsx,10,10,1,59.8446284280901,9.632900540493932,1.0,30.15345748171805,54
.\Int_10sec_Power5-80_Ta_2\good peak\sec-10_power-10_i-2.xlsx,sec-10_power-10_i-2.xlsx,10,10,1,59.8446284280901,9.632900540493932,1.0,30.15345748171805,54
.\All_Excel_Files\sec-25_power-80_i-2.xlsx,sec-25_power-80_i-2.xlsx,25,80,1,56.424189141294946,42.013642069737166,1.0,28.419235108463784,36
.\Int_25sec_Power5-80_Ta_2\sec-25_power-80_i-2.xlsx,sec-25_power-80_i-2.xlsx,25,80,1,56.424189141294946,42.013642069737166,1.0,28.419235108463784,36
.\Int_15sec_Power5-80_Ta_2\sec-15_power-70_i-2.xlsx,sec-15_power-70_i-2.xlsx,15,70,1,55.58985050709461,9.813134550250872,1.0,28.025496524985982,46
.\All_Excel_Files\sec-15_power-70_i-2.xlsx,sec-15_power-70_i-2.xlsx,15,70,1,55.58985050709461,9.813134550250872,1.0,28.025496524985982,46
.\All_Excel_Files\sec-25_power-30_i-2.xlsx,sec-25_power-30_i-2.xlsx,25,30,1,55.24841650713756,9.531810504009751,1.0,27.855681812539952,31
.\Int_25sec_Power5-80_Ta_2\good peak\sec-25_power-30_i-2.xlsx,sec-25_power-30_i-2.xlsx,25,30,1,55.24841650713756,9.531810504009751,1.0,27.855681812539952,31
.\Int_25sec_Power5-80_Ta_2\good peak\sec-25_power-20_i-2.xlsx,sec-25_power-20_i-2.xlsx,25,20,1,53.17172331337237,9.821102154675396,1.0,26.816408126448458,47
.\All_Excel_Files\sec-25_power-20_i-2_1.xlsx,sec-25_power-20_i-2_1.xlsx,25,20,1,53.17172331337237,9.821102154675396,1.0,26.816408126448458,47
.\All_Excel_Files\sec-15_power-55_i-2.xlsx,sec-15_power-55_i-2.xlsx,15,55,1,48.904039906922016,10.023761844119143,1.0,24.68194883691468,60
.\Int_15sec_Power5-80_Ta_2\sec-15_power-55_i-2.xlsx,sec-15_power-55_i-2.xlsx,15,55,1,48.904039906922016,10.023761844119143,1.0,24.68194883691468,60
.\Int_15sec_Power5-80_Ta_2\sec-15_power-70_i-2_2.xlsx,sec-15_power-70_i-2_2.xlsx,15,70,2,48.09796892316783,9.822435092202097,1.0,24.279526786087352,56
.\All_Excel_Files\sec-15_power-70_i-2_2.xlsx,sec-15_power-70_i-2_2.xlsx,15,70,2,48.09796892316783,9.822435092202097,1.0,24.279526786087352,56
.\All_Excel_Files\sec-15_power-75_i-2.xlsx,sec-15_power-75_i-2.xlsx,15,75,1,46.11443622916351,9.55528871612503,1.0,23.288614340160343,50
.\Int_15sec_Power5-80_Ta_2\sec-15_power-75_i-2.xlsx,sec-15_power-75_i-2.xlsx,15,75,1,46.11443622916351,9.55528871612503,1.0,23.288614340160343,50
.\Int_15sec_Power5-80_Ta_2\sec-15_power-60_i-2.xlsx,sec-15_power-60_i-2.xlsx,15,60,1,44.986866448988735,9.984674501101342,1.0,22.72347927156049,60
.\All_Excel_Files\sec-15_power-60_i-2.xlsx,sec-15_power-60_i-2.xlsx,15,60,1,44.986866448988735,9.984674501101342,1.0,22.72347927156049,60
.\All_Excel_Files\sec-25_power-70_i-2.xlsx,sec-25_power-70_i-2.xlsx,25,70,1,42.93305884450542,30.120424708542878,1.0,21.67648944117352,36
.\Int_25sec_Power5-80_Ta_2\sec-25_power-70_i-2.xlsx,sec-25_power-70_i-2.xlsx,25,70,1,42.93305884450542,30.120424708542878,1.0,21.67648944117352,36
.\Int_10sec_Power5-80_Ta_2\sec-10_power-60_i-2_2.xlsx,sec-10_power-60_i-2_2.xlsx,10,60,2,41.95502534179871,29.46094892617547,1.0,21.18769564228808,83
.\All_Excel_Files\sec-10_power-60_i-2_2.xlsx,sec-10_power-60_i-2_2.xlsx,10,60,2,41.95502534179871,29.46094892617547,1.0,21.18769564228808,83
.\All_Excel_Files\sec-15_power-50_i-2.xlsx,sec-15_power-50_i-2.xlsx,15,50,1,40.09378167588036,10.03945479253327,1.0,20.27677293873146,62
.\Int_15sec_Power5-80_Ta_2\sec-15_power-50_i-2.xlsx,sec-15_power-50_i-2.xlsx,15,50,1,40.09378167588036,10.03945479253327,1.0,20.27677293873146,62
.\Int_25sec_Power5-80_Ta_2\sec-25_power-50_i-2.xlsx,sec-25_power-50_i-2.xlsx,25,50,1,35.31815141618596,43.05195056111828,1.0,17.866044033478705,41
.\All_Excel_Files\sec-25_power-50_i-2.xlsx,sec-25_power-50_i-2.xlsx,25,50,1,35.31815141618596,43.05195056111828,1.0,17.866044033478705,41
.\All_Excel_Files\sec-25_power-40_i-2.xlsx,sec-25_power-40_i-2.xlsx,25,40,1,33.12884830079863,32.7402712923287,1.0,16.77358717770967,44
.\Int_25sec_Power5-80_Ta_2\sec-25_power-40_i-2.xlsx,sec-25_power-40_i-2.xlsx,25,40,1,33.12884830079863,32.7402712923287,1.0,16.77358717770967,44
.\Int_10sec_Power5-80_Ta_2\sec-10_power-65_i-2.xlsx,sec-10_power-65_i-2.xlsx,10,65,1,32.982334617089585,41.61687084912237,1.0,16.69837592355786,86
.\All_Excel_Files\sec-10_power-65_i-2.xlsx,sec-10_power-65_i-2.xlsx,10,65,1,32.982334617089585,41.61687084912237,1.0,16.69837592355786,86
.\All_Excel_Files\sec-20_power-80_i-2.xlsx,sec-20_power-80_i-2.xlsx,20,80,1,32.76292698548119,25.435634055171203,1.0,16.593257969707405,60
.\Int_20sec_Power5-80_Ta_2\sec-20_power-80_i-2.xlsx,sec-20_power-80_i-2.xlsx,20,80,1,32.76292698548119,25.435634055171203,1.0,16.593257969707405,60
.\Int_20sec_Power5-80_Ta_2\sec-20_power-40_i-2.xlsx,sec-20_power-40_i-2.xlsx,20,40,1,32.67287276846595,25.223110264144296,1.0,16.54833023859345,74
.\All_Excel_Files\sec-20_power-40_i-2_1.xlsx,sec-20_power-40_i-2_1.xlsx,20,40,1,32.67287276846595,25.223110264144296,1.0,16.54833023859345,74
.\All_Excel_Files\sec-20_power-40_i-2.xlsx,sec-20_power-40_i-2.xlsx,20,40,1,32.67287276846595,25.223110264144296,1.0,16.54833023859345,74
.\Int_20sec_Power5-80_Ta_2\good peaks\sec-20_power-40_i-2.xlsx,sec-20_power-40_i-2.xlsx,20,40,1,32.67287276846595,25.223110264144296,1.0,16.54833023859345,74
.\Int_15sec_Power5-80_Ta_2\sec-15_power-35_i-2.xlsx,sec-15_power-35_i-2.xlsx,15,35,1,32.17682553263489,10.939312656546667,1.0,16.315836792800543,88
.\All_Excel_Files\sec-15_power-35_i-2.xlsx,sec-15_power-35_i-2.xlsx,15,35,1,32.17682553263489,10.939312656546667,1.0,16.315836792800543,88
.\All_Excel_Files\sec-20_power-70_i-2.xlsx,sec-20_power-70_i-2.xlsx,20,70,1,31.350181457855655,26.469458685329446,1.0,15.886424545896523,56
.\Int_20sec_Power5-80_Ta_2\sec-20_power-70_i-2.xlsx,sec-20_power-70_i-2.xlsx,20,70,1,31.350181457855655,26.469458685329446,1.0,15.886424545896523,56
.\Int_20sec_Power5-80_Ta_2\sec-20_power-60_i-2.xlsx,sec-20_power-60_i-2.xlsx,20,60,1,31.219588738793334,29.010608995967686,1.0,15.820135413944945,58
.\All_Excel_Files\sec-20_power-60_i-2.xlsx,sec-20_power-60_i-2.xlsx,20,60,1,31.219588738793334,29.010608995967686,1.0,15.820135413944945,58
.\All_Excel_Files\sec-10_power-75_i-2.xlsx,sec-10_power-75_i-2.xlsx,10,75,1,30.039239278598586,28.43371625724742,1.0,15.230170493689405,71
.\Int_10sec_Power5-80_Ta_2\sec-10_power-75_i-2.xlsx,sec-10_power-75_i-2.xlsx,10,75,1,30.039239278598586,28.43371625724742,1.0,15.230170493689405,71
.\Int_25sec_Power5-80_Ta_2\sec-25_power-10_i-2.xlsx,sec-25_power-10_i-2.xlsx,25,10,1,28.861584299596643,26.68642938626342,1.0,14.642033818575277,82
.\All_Excel_Files\sec-25_power-10_i-2.xlsx,sec-25_power-10_i-2.xlsx,25,10,1,28.861584299596643,26.68642938626342,1.0,14.642033818575277,82
.\All_Excel_Files\sec-15_power-30_i-2.xlsx,sec-15_power-30_i-2.xlsx,15,30,1,28.52645259404491,10.567426659921255,1.0,14.491615422365316,77
.\Int_15sec_Power5-80_Ta_2\sec-15_power-30_i-2.xlsx,sec-15_power-30_i-2.xlsx,15,30,1,28.52645259404491,10.567426659921255,1.0,14.491615422365316,77
.\Int_10sec_Power5-80_Ta_2\sec-10_power-75_i-2_2.xlsx,sec-10_power-75_i-2_2.xlsx,10,75,2,26.23966179026251,40.40153264099825,1.0,13.32725635600834,81
.\All_Excel_Files\sec-10_power-75_i-2_2.xlsx,sec-10_power-75_i-2_2.xlsx,10,75,2,26.23966179026251,40.40153264099825,1.0,13.32725635600834,81
.\All_Excel_Files\sec-15_power-25_i-2.xlsx,sec-15_power-25_i-2.xlsx,15,25,1,25.979622030620522,12.07691842528548,1.0,13.214651789209327,90
.\Int_15sec_Power5-80_Ta_2\sec-15_power-25_i-2.xlsx,sec-15_power-25_i-2.xlsx,15,25,1,25.979622030620522,12.07691842528548,1.0,13.214651789209327,90
.\All_Excel_Files\sec-25_power-5_i-2_1.xlsx,sec-25_power-5_i-2_1.xlsx,25,5,1,25.79731218415505,10.985876465435588,1.0,13.125963881396281,91
.\Int_25sec_Power5-80_Ta_2\good peak\sec-25_power-5_i-2.xlsx,sec-25_power-5_i-2.xlsx,25,5,1,25.79731218415505,10.985876465435588,1.0,13.125963881396281,91
.\Int_25sec_Power5-80_Ta_2\sec-25_power-20_i-2.xlsx,sec-25_power-20_i-2.xlsx,25,20,1,24.540713559665733,27.030399296705713,1.0,12.481455395014498,80
.\All_Excel_Files\sec-25_power-20_i-2.xlsx,sec-25_power-20_i-2.xlsx,25,20,1,24.540713559665733,27.030399296705713,1.0,12.481455395014498,80
.\All_Excel_Files\sec-10_power-30_i-2.xlsx,sec-10_power-30_i-2.xlsx,10,30,1,23.91797689819874,41.6405571735223,1.0,12.166192963648728,89
.\Int_10sec_Power5-80_Ta_2\sec-10_power-30_i-2.xlsx,sec-10_power-30_i-2.xlsx,10,30,1,23.91797689819874,41.6405571735223,1.0,12.166192963648728,89
.\Int_10sec_Power5-80_Ta_2\good peak\sec-10_power-10_i-2_2.xlsx,sec-10_power-10_i-2_2.xlsx,10,10,2,22.609109530393983,11.212969139001695,1.0,11.531309498602662,91
.\All_Excel_Files\sec-10_power-10_i-2_2.xlsx,sec-10_power-10_i-2_2.xlsx,10,10,2,22.609109530393983,11.212969139001695,1.0,11.531309498602662,91
.\All_Excel_Files\sec-10_power-35_i-2.xlsx,sec-10_power-35_i-2.xlsx,10,35,1,21.73274307915628,41.568011749172435,1.0,11.073588627607517,101
.\Int_10sec_Power5-80_Ta_2\sec-10_power-35_i-2.xlsx,sec-10_power-35_i-2.xlsx,10,35,1,21.73274307915628,41.568011749172435,1.0,11.073588627607517,101
.\All_Excel_Files\sec-10_power-10_i-2_3.xlsx,sec-10_power-10_i-2_3.xlsx,10,10,3,21.48029930056246,10.963846175548621,1.0,10.967512310719595,91
.\Int_10sec_Power5-80_Ta_2\good peak\sec-10_power-10_i-2_3.xlsx,sec-10_power-10_i-2_3.xlsx,10,10,3,21.48029930056246,10.963846175548621,1.0,10.967512310719595,91
.\All_Excel_Files\sec-25_power-5_i-2.xlsx,sec-25_power-5_i-2.xlsx,25,5,1,21.296427718970165,26.805450301874195,1.0,10.859405613274758,91
.\Int_25sec_Power5-80_Ta_2\sec-25_power-5_i-2.xlsx,sec-25_power-5_i-2.xlsx,25,5,1,21.296427718970165,26.805450301874195,1.0,10.859405613274758,91
.\Int_10sec_Power5-80_Ta_2\sec-10_power-80_i-2.xlsx,sec-10_power-80_i-2.xlsx,10,80,1,21.234260072600488,42.765734654846405,1.0,10.824144998218266,97
.\All_Excel_Files\sec-10_power-80_i-2.xlsx,sec-10_power-80_i-2.xlsx,10,80,1,21.234260072600488,42.765734654846405,1.0,10.824144998218266,97
.\All_Excel_Files\sec-25_power-15_i-2.xlsx,sec-25_power-15_i-2.xlsx,25,15,1,20.89686322894781,25.526630070459216,1.0,10.660184047097088,78
.\Int_25sec_Power5-80_Ta_2\sec-25_power-15_i-2.xlsx,sec-25_power-15_i-2.xlsx,25,15,1,20.89686322894781,25.526630070459216,1.0,10.660184047097088,78
.\Int_15sec_Power5-80_Ta_2\sec-15_power-20_i-2.xlsx,sec-15_power-20_i-2.xlsx,15,20,1,20.629737021511882,11.7044894439944,1.0,10.540499701371772,93
.\All_Excel_Files\sec-15_power-20_i-2.xlsx,sec-15_power-20_i-2.xlsx,15,20,1,20.629737021511882,11.7044894439944,1.0,10.540499701371772,93
.\All_Excel_Files\sec-10_power-40_i-2.xlsx,sec-10_power-40_i-2.xlsx,10,40,1,20.653647597471466,34.852581023702456,1.0,10.535431482619918,90
.\Int_10sec_Power5-80_Ta_2\sec-10_power-40_i-2.xlsx,sec-10_power-40_i-2.xlsx,10,40,1,20.653647597471466,34.852581023702456,1.0,10.535431482619918,90
.\Int_20sec_Power5-80_Ta_2\good peaks\sec-20_power-50_i-2.xlsx,sec-20_power-50_i-2.xlsx,20,50,1,20.575846198527852,41.68005229035319,1.0,10.495120786970988,70
.\Int_20sec_Power5-80_Ta_2\sec-20_power-50_i-2.xlsx,sec-20_power-50_i-2.xlsx,20,50,1,20.575846198527852,41.68005229035319,1.0,10.495120786970988,70
.\All_Excel_Files\sec-20_power-50_i-2.xlsx,sec-20_power-50_i-2.xlsx,20,50,1,20.575846198527852,41.68005229035319,1.0,10.495120786970988,70
.\All_Excel_Files\sec-20_power-50_i-2_1.xlsx,sec-20_power-50_i-2_1.xlsx,20,50,1,20.575846198527852,41.68005229035319,1.0,10.495120786970988,70
.\Int_20sec_Power5-80_Ta_2\sec-20_power-20_i-2.xlsx,sec-20_power-20_i-2.xlsx,20,20,1,19.41979595623962,27.43870679960363,1.0,9.920831438001539,92
.\All_Excel_Files\sec-20_power-20_i-2.xlsx,sec-20_power-20_i-2.xlsx,20,20,1,19.41979595623962,27.43870679960363,1.0,9.920831438001539,92
.\All_Excel_Files\sec-20_power-45_i-2.xlsx,sec-20_power-45_i-2.xlsx,20,45,1,18.78758513866611,40.34380629858947,1.0,9.601228655005777,69
.\Int_20sec_Power5-80_Ta_2\sec-20_power-45_i-2.xlsx,sec-20_power-45_i-2.xlsx,20,45,1,18.78758513866611,40.34380629858947,1.0,9.601228655005777,69
.\Int_10sec_Power5-80_Ta_2\sec-10_power-60_i-2.xlsx,sec-10_power-60_i-2.xlsx,10,60,1,18.706234051181994,43.8340541779266,1.0,9.559961019504547,86
.\All_Excel_Files\sec-10_power-60_i-2.xlsx,sec-10_power-60_i-2.xlsx,10,60,1,18.706234051181994,43.8340541779266,1.0,9.559961019504547,86
.\All_Excel_Files\sec-20_power-10_i-2.xlsx,sec-20_power-10_i-2.xlsx,20,10,1,18.246447984760657,34.28842944973085,1.0,9.331973299502716,101
.\Int_20sec_Power5-80_Ta_2\sec-20_power-10_i-2.xlsx,sec-20_power-10_i-2.xlsx,20,10,1,18.246447984760657,34.28842944973085,1.0,9.331973299502716,101
.\Int_20sec_Power5-80_Ta_2\sec-20_power-30_i-2.xlsx,sec-20_power-30_i-2.xlsx,20,30,1,18.136075637790714,48.1558337941102,1.0,9.274267593698605,84
.\All_Excel_Files\sec-20_power-30_i-2.xlsx,sec-20_power-30_i-2.xlsx,20,30,1,18.136075637790714,48.1558337941102,1.0,9.274267593698605,84
.\All_Excel_Files\sec-10_power-50_i-2.xlsx,sec-10_power-50_i-2.xlsx,10,50,1,17.833245699830638,34.34041578784151,1.0,9.125358911873723,97
.\Int_10sec_Power5-80_Ta_2\sec-10_power-50_i-2.xlsx,sec-10_power-50_i-2.xlsx,10,50,1,17.833245699830638,34.34041578784151,1.0,9.125358911873723,97
.\Int_25sec_Power5-80_Ta_2\sec-25_power-20_i-2_2.xlsx,sec-25_power-20_i-2_2.xlsx,25,20,2,17.395340689088147,24.480047506025514,1.0,8.909925222722972,68
.\All_Excel_Files\sec-25_power-20_i-2_2.xlsx,sec-25_power-20_i-2_2.xlsx,25,20,2,17.395340689088147,24.480047506025514,1.0,8.909925222722972,68
.\All_Excel_Files\sec-15_power-5_i-2.xlsx,sec-15_power-5_i-2.xlsx,15,5,1,15.536510060907332,12.10233368301473,1.0,7.993043637994792,113
.\Int_15sec_Power5-80_Ta_2\sec-15_power-5_i-2.xlsx,sec-15_power-5_i-2.xlsx,15,5,1,15.536510060907332,12.10233368301473,1.0,7.993043637994792,113
.\Int_20sec_Power5-80_Ta_2\sec-20_power-20_i-2_2.xlsx,sec-20_power-20_i-2_2.xlsx,20,20,2,15.21944847791543,11.338471301428935,1.0,7.836182832186433,101
.\All_Excel_Files\sec-20_power-20_i-2_2.xlsx,sec-20_power-20_i-2_2.xlsx,20,20,2,15.21944847791543,11.338471301428935,1.0,7.836182832186433,101
.\All_Excel_Files\sec-20_power-25_i-2.xlsx,sec-20_power-25_i-2.xlsx,20,25,1,15.245291309689431,47.94832447158862,1.0,7.828902390680767,92
.\Int_20sec_Power5-80_Ta_2\sec-20_power-25_i-2.xlsx,sec-20_power-25_i-2.xlsx,20,25,1,15.245291309689431,47.94832447158862,1.0,7.828902390680767,92
.\Int_15sec_Power5-80_Ta_2\sec-15_power-10_i-2.xlsx,sec-15_power-10_i-2.xlsx,15,10,1,15.147231678210183,10.306396899442499,1.0,7.8027239748509825,105
.\All_Excel_Files\sec-15_power-10_i-2.xlsx,sec-15_power-10_i-2.xlsx,15,10,1,15.147231678210183,10.306396899442499,1.0,7.8027239748509825,105
.\Int_10sec_Power5-80_Ta_2\sec-10_power-15_i-2.xlsx,sec-10_power-15_i-2.xlsx,10,15,1,14.869803544532205,29.392210794793243,1.0,7.645108558073897,110
.\All_Excel_Files\sec-10_power-15_i-2.xlsx,sec-10_power-15_i-2.xlsx,10,15,1,14.869803544532205,29.392210794793243,1.0,7.645108558073897,110
.\Int_15sec_Power5-80_Ta_2\sec-15_power-15_i-2.xlsx,sec-15_power-15_i-2.xlsx,15,15,1,14.582987754255496,11.110656482676816,1.0,7.518494981920048,102
.\All_Excel_Files\sec-15_power-15_i-2.xlsx,sec-15_power-15_i-2.xlsx,15,15,1,14.582987754255496,11.110656482676816,1.0,7.518494981920048,102
.\Int_10sec_Power5-80_Ta_2\sec-10_power-5_i-2.xlsx,sec-10_power-5_i-2.xlsx,10,5,1,14.56874086811046,9.051879828223528,1.0,7.517512721148416,114
.\All_Excel_Files\sec-10_power-5_i-2.xlsx,sec-10_power-5_i-2.xlsx,10,5,1,14.56874086811046,9.051879828223528,1.0,7.517512721148416,114
.\All_Excel_Files\sec-10_power-25_i-2.xlsx,sec-10_power-25_i-2.xlsx,10,25,1,14.300720412813877,24.5464815765721,1.0,7.3625819172482325,97
.\Int_10sec_Power5-80_Ta_2\sec-10_power-25_i-2.xlsx,sec-10_power-25_i-2.xlsx,10,25,1,14.300720412813877,24.5464815765721,1.0,7.3625819172482325,97
.\Int_10sec_Power5-80_Ta_2\sec-10_power-55_i-2.xlsx,sec-10_power-55_i-2.xlsx,10,55,1,14.2644218701848,29.934817933557643,1.0,7.342232709758472,92
.\All_Excel_Files\sec-10_power-55_i-2.xlsx,sec-10_power-55_i-2.xlsx,10,55,1,14.2644218701848,29.934817933557643,1.0,7.342232709758472,92
.\Int_20sec_Power5-80_Ta_2\sec-20_power-5_i-2.xlsx,sec-20_power-5_i-2.xlsx,20,5,1,13.46878385236015,31.752243669334273,1.0,6.943840077407566,105
.\All_Excel_Files\sec-20_power-5_i-2.xlsx,sec-20_power-5_i-2.xlsx,20,5,1,13.46878385236015,31.752243669334273,1.0,6.943840077407566,105
.\All_Excel_Files\sec-10_power-45_i-2.xlsx,sec-10_power-45_i-2.xlsx,10,45,1,12.884040394889892,36.4588338001728,1.0,6.6502486559207235,97
.\Int_10sec_Power5-80_Ta_2\sec-10_power-45_i-2.xlsx,sec-10_power-45_i-2.xlsx,10,45,1,12.884040394889892,36.4588338001728,1.0,6.6502486559207235,97
.\All_Excel_Files\sec-10_power-10_i-2.xlsx,sec-10_power-10_i-2.xlsx,10,10,1,12.086545680885582,32.84829059503744,1.0,6.252405735779674,107
.\Int_10sec_Power5-80_Ta_2\sec-10_power-10_i-2.xlsx,sec-10_power-10_i-2.xlsx,10,10,1,12.086545680885582,32.84829059503744,1.0,6.252405735779674,107
.\Int_10sec_Power5-80_Ta_2\good peak\sec-10_power-10_i-2_4.xlsx,sec-10_power-10_i-2_4.xlsx,10,10,4,11.713274258103286,18.067603620574022,1.0,6.073241433988818,102
.\All_Excel_Files\sec-10_power-10_i-2_4.xlsx,sec-10_power-10_i-2_4.xlsx,10,10,4,11.713274258103286,18.067603620574022,1.0,6.073241433988818,102
.\All_Excel_Files\sec-10_power-20_i-2.xlsx,sec-10_power-20_i-2.xlsx,10,20,1,10.932061408921363,45.790318310570875,1.0,5.672582307748636,109
.\Int_10sec_Power5-80_Ta_2\sec-10_power-20_i-2.xlsx,sec-10_power-20_i-2.xlsx,10,20,1,10.932061408921363,45.790318310570875,1.0,5.672582307748636,109
.\All_Excel_Files\sec-20_power-15_i-2.xlsx,sec-20_power-15_i-2.xlsx,20,15,1,10.621937384319613,43.87448343484978,1.0,5.517806379501368,103
.\Int_20sec_Power5-80_Ta_2\sec-20_power-15_i-2.xlsx,sec-20_power-15_i-2.xlsx,20,15,1,10.621937384319613,43.87448343484978,1.0,5.517806379501368,103
