mode,freq_raw,freq_scaled,raman_activity,rel_intensity,ring_frac
1,19.3756,18.9881,0.314,88.281,0.0474
2,33.7432,33.0683,1.0475,100.0,0.0432
3,41.2514,40.4264,0.2468,16.006,0.0676
4,44.1563,43.2732,0.8658,49.294,0.0251
5,47.8198,46.8634,0.1569,7.673,0.0597
6,55.8947,54.7768,0.7087,25.78,0.0235
7,80.0405,78.4397,0.2165,4.027,0.0881
8,85.2877,83.5819,0.4006,6.63,0.1379
9,108.1309,105.9683,0.3253,3.499,0.1448
10,133.5676,130.8962,0.2296,1.697,0.1591
11,151.5828,148.5511,0.1495,0.887,0.1275
12,159.4965,156.3066,0.3593,1.952,0.1688
13,204.0118,199.9316,1.6217,5.82,0.0554
14,220.5898,216.178,0.2699,0.852,0.0819
15,224.5967,220.1048,0.2187,0.67,0.0118
16,242.6743,237.8208,0.3118,0.844,0.164
17,260.2776,255.072,0.8448,2.044,0.1426
18,272.4742,267.0247,0.7156,1.611,0.0367
19,281.4905,275.8607,0.8216,1.758,0.067
20,291.5008,285.6708,2.1513,4.359,0.0899
21,305.0372,298.9365,0.4454,0.841,0.1023
22,321.4026,314.9745,0.4877,0.851,0.2989
23,332.2299,325.5853,2.0824,3.454,0.0667
24,370.3534,362.9463,0.9116,1.285,0.152
25,379.491,371.9012,2.8038,3.814,0.1979
26,421.9319,413.4933,1.6712,1.948,0.4269
27,445.3726,436.4651,0.4495,0.485,0.3633
28,453.8729,444.7954,0.5681,0.596,0.1647
29,479.4776,469.888,2.3447,2.277,0.1069
30,523.0564,512.5953,1.3609,1.17,0.1777
31,532.9015,522.2435,1.6658,1.396,0.5254
32,568.8899,557.5121,1.0587,0.81,0.1078
33,579.3506,567.7636,2.3957,1.789,0.0077
34,588.6244,576.8519,3.8338,2.801,0.1476
35,617.0471,604.7062,1.9848,1.359,0.1848
36,635.7788,623.0632,1.6262,1.069,0.3132
37,651.6363,638.6036,1.9737,1.255,0.2426
38,666.6845,653.3508,0.4321,0.266,0.0491
39,707.5735,693.422,2.1506,1.223,0.6259
40,740.5741,725.7626,5.2149,2.789,0.0201
41,793.0916,777.2298,6.9424,3.385,0.5055
42,812.2162,795.9719,10.2545,4.842,0.0244
43,840.738,823.9232,0.9323,0.42,0.6082
44,878.6887,861.1149,1.3127,0.557,0.6986
45,916.4961,898.1662,4.4539,1.785,0.3846
46,932.967,914.3077,1.4653,0.573,0.313
47,972.5122,953.062,7.6798,2.838,0.2079
48,1002.7265,982.672,1.7149,0.608,0.1394
49,1015.2593,994.9541,4.2483,1.48,0.3726
50,1032.2017,1011.5577,1.8676,0.636,0.5179
51,1043.7527,1022.8776,4.795,1.607,0.2416
52,1050.0283,1029.0277,5.9464,1.976,0.199
53,1053.6358,1032.5631,0.1663,0.055,0.0138
54,1060.5733,1039.3618,1.2636,0.414,0.5229
55,1077.1644,1055.6211,4.9911,1.601,0.2563
56,1091.0943,1069.2724,2.4047,0.758,0.3009
57,1095.6002,1073.6882,2.4079,0.754,0.3746
58,1121.0674,1098.6461,1.1474,0.348,0.089
59,1128.1457,1105.5828,2.933,0.882,0.3518
60,1130.9709,1108.3515,1.1797,0.353,0.3276
61,1150.3925,1127.3846,2.192,0.641,0.2224
62,1162.891,1139.6332,3.646,1.05,0.3182
63,1189.1658,1165.3825,3.0348,0.846,0.2072
64,1191.1502,1167.3272,3.6025,1.002,0.086
65,1243.6391,1218.7663,3.3319,0.871,0.1801
66,1262.8629,1237.6056,7.1196,1.821,0.165
67,1272.0348,1246.5941,3.8812,0.982,0.368
68,1298.1157,1272.1534,4.6589,1.144,0.0008
69,1307.3184,1281.172,8.8391,2.149,0.3039
70,1323.4971,1297.0272,2.3052,0.55,0.0755
71,1337.7524,1310.9974,5.8277,1.37,0.1311
72,1346.0897,1319.1679,7.9134,1.843,0.1258
73,1352.6498,1325.5968,4.6485,1.075,0.0618
74,1354.6331,1327.5404,3.8319,0.884,0.2762
75,1369.4349,1342.0462,2.2893,0.52,0.1759
76,1377.6695,1350.1161,1.2213,0.275,0.2114
77,1390.7881,1362.9723,3.1608,0.701,0.085
78,1397.7268,1369.7723,4.4316,0.976,0.0318
79,1400.6538,1372.6407,2.4284,0.533,0.0817
80,1411.7421,1383.5073,3.2862,0.713,0.2036
81,1416.7685,1388.4331,1.9579,0.422,0.1621
82,1424.9772,1396.4777,1.0095,0.216,0.1112
83,1434.8103,1406.1141,1.8728,0.396,0.2695
84,1453.6339,1424.5612,5.8189,1.207,0.1418
85,1473.323,1443.8565,5.4826,1.114,0.0
86,1488.8659,1459.0886,5.3194,1.064,0.0022
87,1494.128,1464.2454,6.5672,1.306,0.0
88,1501.8068,1471.7707,4.3617,0.861,0.0
89,1510.2357,1480.031,3.9067,0.764,0.0045
90,1545.1996,1514.2956,2.4032,0.454,0.0549
91,1755.4019,1720.2939,12.5193,1.929,0.0015
92,1829.126,1768.7648,8.3794,1.206,0.0002
93,3005.4927,2906.3114,43.1704,2.395,0.0034
94,3026.2112,2926.3462,57.0431,3.116,0.0726
95,3038.9457,2938.6605,107.1995,5.801,0.0057
96,3043.1309,2942.7076,175.5178,9.469,0.0
97,3049.0139,2948.3964,92.2935,4.958,0.016
98,3049.7692,2949.1268,164.8279,8.849,0.0715
99,3055.6487,2954.8123,125.8612,6.728,0.0821
100,3084.5285,2982.7391,60.2252,3.151,0.0697
101,3114.2729,3011.5019,59.961,3.069,0.0
102,3119.505,3016.5613,46.0085,2.346,0.0794
103,3121.053,3018.0583,69.3113,3.53,0.0022
104,3123.8822,3020.7941,49.77,2.53,0.0
105,3135.0221,3031.5664,64.1461,3.234,0.0
106,3145.2417,3041.4487,30.1173,1.507,0.0044
107,3596.4941,3477.8098,47.1644,1.702,0.0
108,3755.2643,3631.3406,156.0929,5.03,0.0
109,3767.7047,3643.3704,58.3784,1.864,0.0
110,3829.4886,3703.1155,84.7963,2.592,0.0
111,3835.0374,3708.4812,101.8707,3.102,0.0
